timestamp,x,y,z
0,0.091,-0.019,0.017
10,0.078,-0.03,-0.004
20,0.077,0.003,0.025
30,0.093,0,0.041
40,0.085,0.005,0.008
50,0.073,-0.005,-0.002
60,0.11,0.002,-0.011
70,0.072,0.01,-0.02
80,0.055,-0.017,0.031
90,0.053,-0.007,-0.019
100,0.099,-0.017,0.064
110,0.051,0.006,0.011
120,0.059,0.005,-0.011
130,0.091,0.005,0.019
140,0.1,-0.022,0.002
150,0.059,-0.013,0.041
160,0.079,-0.003,0.05
170,0.069,0.015,0.034
180,0.069,-0.005,-0.008
190,0.094,-0.016,0.028
200,0.098,-0.005,0.024
210,0.055,-0.011,0.026
220,0.084,0.01,0
230,0.105,0.015,0.048
240,0.079,-0.003,-0.014
250,0.056,0.001,0.042
260,0.094,0.006,0.06
270,0.108,0.002,0.071
280,0.071,-0.006,0.006
290,0.063,-0.012,0.047
300,0.111,-0.024,-0.012
310,0.063,-0.028,-0.015
320,0.077,-0.009,-0.002
330,0.098,-0.03,0.004
340,0.089,-0.004,-0.013
350,0.056,0.005,-0.007
360,0.079,0.01,0.011
370,0.075,0.003,0.011
380,0.108,-0.023,0.014
390,0.067,-0.013,0.046
400,0.115,-0.005,0.008
410,0.094,-0.025,0.018
420,0.09,-0.001,-0.002
430,0.111,0.005,0.046
440,0.085,-0.027,0.029
450,0.074,-0.006,0
460,0.055,0.016,0.006
470,0.1,-0.012,0.072
480,0.072,-0.007,-0.011
490,0.065,-0.019,0.006
500,0.102,-0.024,0.014
510,0.078,0.002,0.031
520,0.065,0.015,-0.048
530,0.08,0.03,-0.011
540,0.08,-0.007,-0.017
550,0.047,0.009,0.073
560,0.079,0.002,0.049
570,0.104,-0.007,-0.015
580,0.078,0.033,0.025
590,0.098,-0.037,-0.009
600,0.098,0,0.001
610,0.072,-0.004,-0.007
620,0.099,-0.001,-0.056
630,0.112,-0.007,0.044
640,0.093,-0.007,0.006
650,0.047,-0.006,0.005
660,0.083,-0.004,0.008
670,0.075,0.015,0.059
680,0.071,-0.003,0.002
690,0.067,-0.007,-0.024
700,0.103,0.015,-0.019
710,0.074,-0.028,0.018
720,0.083,0.009,-0.019
730,0.048,0.006,0.031
740,0.055,-0.029,-0.011
750,0.077,-0.003,-0.013
760,0.087,-0.029,0.012
770,0.059,0.012,0.018
780,0.06,0.015,-0.009
790,0.094,0.01,0.041
800,0.055,0.031,0.036
810,0.059,-0.013,-0.009
820,0.075,-0.003,0.059
830,0.117,0.009,0.055
840,0.081,-0.035,0.034
850,0.1,0.026,-0.001
860,0.106,0.018,-0.019
870,0.083,0.009,0.023
880,0.102,0.01,0.016
890,0.091,-0.023,0.004
900,0.092,0.026,0.035
910,0.083,0.01,0.008
920,0.096,0,0.043
930,0.084,0,-0.006
940,0.053,-0.022,0.029
950,0.05,0.014,0.017
960,0.079,0.015,0.008
970,0.078,0.016,-0.011
980,0.074,0.002,0.037
990,0.075,-0.028,0.012
1000,0.074,-0.01,-0.006
1010,0.078,0.006,-0.002
1020,0.104,0.024,0.026
1030,0.09,0.024,0.012
1040,0.083,0.006,0.013
1050,0.091,-0.005,0.026
1060,0.081,-0.001,-0.005
1070,0.079,0.001,0.042
1080,0.048,-0.004,0.004
1090,0.089,-0.01,0.029
1100,0.09,-0.023,0.001
1110,0.059,-0.025,-0.012
1120,0.071,-0.009,0.043
1130,0.097,0.001,0.037
1140,0.079,-0.012,0.026
1150,0.099,-0.006,0.017
1160,0.083,0.007,-0.031
1170,0.094,-0.01,0.016
1180,0.065,-0.029,-0.009
1190,0.08,-0.016,0.002
1200,0.072,-0.001,-0.005
1210,0.073,-0.012,0.031
1220,0.1,-0.009,0.018
1230,0.075,-0.007,0.018
1240,0.054,0.005,-0.018
1250,0.094,-0.001,0.019
1260,0.074,0.015,0.034
1270,0.043,-0.004,-0.038
1280,0.043,-0.007,0.041
1290,0.08,0.015,0
1300,0.077,0.003,0.074
1310,0.092,-0.037,0.031
1320,0.086,0,-0.005
1330,0.087,0.027,-0.011
1340,0.059,0.003,0.031
1350,0.097,-0.025,-0.011
1360,0.11,0.012,0.029
1370,0.079,-0.016,0.023
1380,0.075,0.002,0.032
1390,0.083,0.012,0.043
1400,0.094,0.013,0.018
1410,0.085,-0.001,0
1420,0.083,0.008,0.002
1430,0.094,0.001,0.042
1440,0.083,0.012,0.002
1450,0.063,-0.017,0.036
1460,0.098,0.002,-0.014
1470,0.093,0.008,0.007
1480,0.075,0.005,0.064
1490,0.099,-0.003,0.037
1500,0.051,-0.004,0.04
1510,0.044,0.007,-0.015
1520,0.067,0.018,0.028
1530,0.108,0.003,0.058
1540,0.075,-0.028,0.005
1550,0.108,-0.006,0.018
1560,0.103,0.018,0.013
1570,0.062,0.009,0.017
1580,0.061,-0.009,0.002
1590,0.104,0.008,-0.008
1600,0.117,0.007,0.034
1610,0.05,0.018,0.005
1620,0.054,-0.013,0.042
1630,0.087,0.016,0.032
1640,0.079,0.026,0.024
1650,0.087,0.003,-0.027
1660,0.081,-0.004,0.001
1670,0.059,0.021,0.035
1680,0.071,0,-0.042
1690,0.065,-0.015,-0.004
1700,0.079,0.012,-0.012
1710,0.066,-0.001,-0.001
1720,0.071,-0.003,-0.019
1730,0.106,-0.012,-0.017
1740,0.083,0.001,0.017
1750,0.077,-0.001,0.022
1760,0.084,0,0.035
1770,0.077,0.039,-0.019
1780,0.075,-0.013,0.046
1790,0.089,-0.013,-0.005
1800,0.112,0.028,0.034
1810,0.06,0.013,0.016
1820,0.089,-0.009,0.018
1830,0.114,-0.011,0.013
1840,0.085,-0.019,0.008
1850,0.089,-0.021,-0.012
1860,0.091,0.007,0
1870,0.08,-0.003,0.067
1880,0.099,-0.001,0.004
1890,0.097,-0.001,0.03
1900,0.112,-0.01,0.012
1910,0.067,-0.024,0.01
1920,0.081,0,0.014
1930,0.084,-0.005,0.032
1940,0.059,0.002,0.022
1950,0.089,0.009,0.008
1960,0.109,0,0.002
1970,0.081,-0.017,0.022
1980,0.06,-0.016,0.029
1990,0.05,0.025,0.016
2000,0.097,0.009,-0.012
2010,0.08,0.016,-0.013
2020,0.083,-0.006,0.017
2030,0.068,-0.009,0.007
2040,0.079,0.012,0.007
2050,0.078,-0.016,0.005
2060,0.092,0.005,0.008
2070,0.073,-0.004,0.023
2080,0.074,-0.03,0.008
2090,0.091,0.01,0.034
2100,0.074,0.005,-0.005
2110,0.075,-0.009,0.013
2120,0.079,0.021,0.002
2130,0.094,-0.01,0.014
2140,0.062,-0.006,-0.007
2150,0.077,-0.004,0.014
2160,0.089,0.031,0.028
2170,0.063,-0.018,-0.004
2180,0.081,0.001,-0.001
2190,0.087,0.03,0.032
2200,0.075,0.033,0.007
2210,0.086,-0.017,-0.015
2220,0.096,0.013,-0.02
2230,0.077,0.01,0.01
2240,0.087,-0.004,0.013
2250,0.067,-0.018,0.011
2260,0.066,0.012,0.026
2270,0.074,0.006,0.041
2280,0.086,-0.001,0.006
2290,0.087,-0.006,0.028
2300,0.061,0.001,-0.002
2310,0.093,-0.003,0.038
2320,0.078,-0.009,-0.026
2330,0.075,0.006,-0.018
2340,0.074,0.014,-0.051
2350,0.112,-0.017,-0.018
2360,0.141,-0.004,-0.012
2370,0.084,-0.027,0.022
2380,0.092,-0.001,0.014
2390,0.074,0.024,-0.023
2400,0.103,-0.03,0.022
2410,0.056,-0.011,-0.006
2420,0.115,0.015,0.001
2430,0.104,0.005,0.053
2440,0.077,-0.018,0.017
2450,0.084,0.007,0.032
2460,0.087,0.01,0.014
2470,0.096,-0.011,0.005
2480,0.067,0.006,-0.014
2490,0.079,-0.013,0.03
2500,0.083,-0.016,-0.017
2510,0.068,0.005,0.013
2520,0.102,0,0.029
2530,0.069,-0.006,0.017
2540,0.048,-0.018,-0.007
2550,0.096,0.003,0.025
2560,0.094,0.015,0.007
2570,0.059,-0.007,-0.045
2580,0.086,0.044,0.05
2590,0.09,-0.013,0.024
2600,0.09,-0.023,0.016
2610,0.091,-0.024,-0.026
2620,0.09,0.006,0.004
2630,0.092,0.03,0.023
2640,0.077,-0.016,0.002
2650,0.066,0,0.047
2660,0.085,0.013,-0.002
2670,0.083,0.003,0.007
2680,0.075,0.019,0.013
2690,0.092,0.027,0.047
2700,0.068,0.013,-0.013
2710,0.072,-0.011,0.04
2720,0.075,0.009,0.066
2730,0.102,0.018,-0.001
2740,0.057,-0.006,0.017
2750,0.087,0.024,-0.039
2760,0.085,0,0
2770,0.08,-0.007,-0.001
2780,0.066,0.013,-0.036
2790,0.117,0.009,0.002
2800,0.061,0.002,0.019
2810,0.098,0.007,-0.005
2820,0.1,0.009,0.002
2830,0.063,0.002,0.028
2840,0.065,-0.019,0.03
2850,0.075,0.018,0.036
2860,0.078,-0.005,0.013
2870,0.094,-0.004,0.02
2880,0.066,-0.019,-0.014
2890,0.097,0,0.01
2900,0.092,0.02,-0.011
2910,0.092,-0.017,0.025
2920,0.094,0.015,0.018
2930,0.074,0.024,0.007
2940,0.053,-0.012,-0.015
2950,0.051,-0.016,0.001
2960,0.089,0.012,-0.006
2970,0.047,-0.015,0.008
2980,0.047,-0.011,0.017
2990,0.089,0.007,-0.009
3000,0.075,0.006,0.044
3010,0.035,0.013,0.01
3020,0.073,0.005,0.008
3030,0.083,-0.015,0.026
3040,0.085,-0.012,0.022
3050,0.1,0.006,0.019
3060,0.121,0.013,0.019
3070,0.072,-0.021,0.055
3080,0.066,-0.004,-0.02
3090,0.106,-0.004,-0.001
3100,0.062,-0.005,-0.021
3110,0.085,-0.016,-0.02
3120,0.085,0.01,0.023
3130,0.063,0.007,-0.007
3140,0.048,-0.018,0.04
3150,0.073,0.005,0.006
3160,0.09,0.003,0.013
3170,0.096,-0.027,0.005
3180,0.099,0.001,0.018
3190,0.086,0.015,0.018
3200,0.097,-0.012,0.006
3210,0.096,0.005,0.004
3220,0.103,-0.011,-0.013
3230,0.098,-0.003,0.014
3240,0.065,0.006,0.019
3250,0.053,-0.007,-0.007
3260,0.061,-0.001,0.053
3270,0.104,0.024,-0.006
3280,0.057,-0.03,0.01
3290,0.087,-0.006,0.052
3300,0.063,0.019,0.026
3310,0.048,0.015,0.034
3320,0.059,-0.006,0.023
3330,0.091,0,0.001
3340,0.045,-0.022,0.025
3350,0.094,0.02,0.044
3360,0.089,0.002,0.007
3370,0.068,0.006,0.061
3380,0.059,-0.003,0.025
3390,0.116,-0.025,0.034
3400,0.071,0.013,0.023
3410,0.063,-0.017,0.017
3420,0.093,0,-0.001
3430,0.09,0.002,0.052
3440,0.09,-0.011,0.035
3450,0.086,-0.003,0.037
3460,0.092,0.002,0.011
3470,0.086,0.007,0.041
3480,0.083,-0.021,0.022
3490,0.093,-0.021,0.036
3500,0.073,0.021,0.002
3510,0.056,0.013,0.019
3520,0.094,-0.016,0.055
3530,0.072,0.006,0.007
3540,0.047,-0.024,0.022
3550,0.074,-0.009,0.008
3560,0.103,-0.006,0.035
3570,0.078,-0.021,0.031
3580,0.065,-0.005,0.025
3590,0.063,0.003,0.028
3600,0.087,0.013,0.001
3610,0.071,-0.022,0.04
3620,0.069,0.006,0.029
3630,0.109,0.016,0.037
3640,0.059,0.014,0.025
3650,0.085,0.031,-0.03
3660,0.055,0.006,-0.005
3670,0.063,0.003,-0.014
3680,0.097,0.016,0.02
3690,0.096,-0.021,0.018
3700,0.103,0,0.016
3710,0.068,-0.003,-0.014
3720,0.108,-0.01,0.023
3730,0.103,-0.013,-0.014
3740,0.06,0.008,0.035
3750,0.09,-0.03,0.008
3760,0.074,0.01,0.022
3770,0.068,-0.015,0.048
3780,0.096,-0.021,0.028
3790,0.085,0.003,-0.008
3800,0.077,0.009,0.026
3810,0.081,-0.009,0.01
3820,0.094,-0.006,0.024
3830,0.092,0.002,0.022
3840,0.065,0.013,0.04
3850,0.096,0.001,-0.021
3860,0.093,0.026,0.038
3870,0.066,-0.005,0.013
3880,0.086,0.008,0.056
3890,0.083,0.003,0.061
3900,0.09,-0.015,0.025
3910,0.094,0.009,-0.014
3920,0.092,0.01,0.025
3930,0.075,0.009,-0.013
3940,0.066,-0.01,-0.001
3950,0.059,0.001,0.024
3960,0.092,-0.007,-0.027
3970,0.068,-0.003,0.019
3980,0.077,-0.005,-0.02
3990,0.081,0.027,0.008
4000,0.068,0.002,-0.023
4010,0.09,-0.01,0.03
4020,0.121,0.008,0.023
4030,0.084,0.003,0.011
4040,0.079,-0.005,0.064
4050,0.098,-0.016,0.067
4060,0.068,0.027,-0.005
4070,0.072,-0.019,0.024
4080,0.078,0.002,0.022
4090,0.074,0.015,0.034
4100,0.077,0,0.014
4110,0.068,0.006,-0.011
4120,0.094,0.008,-0.025
4130,0.112,0.002,0.024
4140,0.051,-0.01,0.042
4150,0.097,0.032,-0.005
4160,0.099,0.009,0.06
4170,0.069,-0.012,0.019
4180,0.055,-0.007,0.022
4190,0.08,0.019,-0.017
4200,0.089,-0.003,0.026
4210,0.05,-0.024,0.031
4220,0.078,-0.01,0.028
4230,0.079,-0.019,-0.009
4240,0.096,-0.016,0.004
4250,0.068,-0.006,0.019
4260,0.096,-0.019,0.044
4270,0.057,0.002,-0.023
4280,0.073,-0.001,0.032
4290,0.078,-0.009,0.012
4300,0.061,0.002,0.035
4310,0.062,-0.004,0.035
4320,0.077,-0.004,0.002
4330,0.087,-0.001,0.02
4340,0.077,0.006,-0.007
4350,0.097,-0.017,-0.02
4360,0.075,0.012,0.028
4370,0.06,-0.011,0.052
4380,0.057,-0.01,0.002
4390,0.104,-0.001,0.01
4400,0.067,0.001,0.014
4410,0.071,-0.011,-0.03
4420,0.078,-0.004,-0.001
4430,0.087,0.022,0.008
4440,0.068,-0.004,-0.001
4450,0.083,-0.024,0.014
4460,0.08,0.019,0.061
4470,0.115,-0.021,0.008
4480,0.102,0.033,0.012
4490,0.079,0.014,0.017
4500,0.087,-0.005,0.038
4510,0.086,-0.013,0.014
4520,0.074,0.001,0.006
4530,0.067,0.01,0.02
4540,0.085,-0.022,0.058
4550,0.106,-0.012,0.032
4560,0.103,0.01,-0.006
4570,0.089,-0.006,0.031
4580,0.074,0.008,0.024
4590,0.096,0.009,0.014
4600,0.089,-0.003,0.037
4610,0.083,-0.012,0.054
4620,0.108,-0.003,0.04
4630,0.078,0.02,0.025
4640,0.061,0.005,0.019
4650,0.096,-0.006,-0.006
4660,0.086,0.016,-0.012
4670,0.061,0,0.035
4680,0.102,-0.006,0.025
4690,0.066,-0.001,-0.018
4700,0.078,0.008,0.005
4710,0.079,-0.023,0.031
4720,0.09,0.007,-0.018
4730,0.072,0.028,0.037
4740,0.077,-0.023,-0.002
4750,0.084,0.01,0.04
4760,0.105,0.02,0.05
4770,0.084,-0.006,0.025
4780,0.049,0.003,0.049
4790,0.086,-0.013,0.046
4800,0.079,-0.023,-0.012
4810,0.055,0.01,0.061
4820,0.092,0.002,0.048
4830,0.08,-0.009,0.002
4840,0.066,-0.005,0.04
4850,0.084,-0.003,0.008
4860,0.078,0.001,0.013
4870,0.068,-0.03,0.016
4880,0.096,0.01,0.028
4890,0.057,-0.004,-0.013
4900,0.072,-0.004,0.025
4910,0.062,-0.018,0.024
4920,0.098,-0.001,0.043
4930,0.094,0.01,-0.005
4940,0.073,0.002,0.012
4950,0.08,-0.015,0
4960,0.06,0.007,-0.019
4970,0.036,0.001,0.052
4980,0.055,0.005,0.055
4990,0.079,-0.009,0.023
5000,0.091,0.006,0.013
5010,0.114,0.022,0.035
5020,0.06,0.015,0.037
5030,0.061,-0.031,0.046
5040,0.081,0.001,0.031
5050,0.063,-0.005,0.044
5060,0.092,0.012,0.002
5070,0.056,0.02,0.052
5080,0.108,-0.006,0.041
5090,0.097,0.012,0.005
5100,0.06,-0.018,0.043
5110,0.084,0.005,0.055
5120,0.086,0.022,0.002
5130,0.073,0,0.023
5140,0.086,-0.007,-0.03
5150,0.075,0.006,-0.001
5160,0.1,-0.005,0.007
5170,0.073,0.001,0.025
5180,0.096,-0.018,0.049
5190,0.105,-0.006,-0.018
5200,0.081,0.006,0.058
5210,0.077,0.003,-0.025
5220,0.117,0.012,0.013
5230,0.068,-0.003,0.006
5240,0.089,0.009,0.038
5250,0.098,0,0.034
5260,0.108,0.002,-0.029
5270,0.081,-0.003,0.008
5280,0.086,0,-0.002
5290,0.077,0.009,0.01
5300,0.048,-0.025,-0.014
5310,0.094,0.021,0.014
5320,0.103,0,0.028
5330,0.079,0.007,0.011
5340,0.065,-0.027,-0.002
5350,0.109,-0.015,0.03
5360,0.078,0.034,0.036
5370,0.085,-0.003,0
5380,0.061,-0.011,-0.013
5390,0.083,0.022,0.034
5400,0.056,-0.01,-0.024
5410,0.053,0.025,0.016
5420,0.106,0.006,-0.027
5430,0.073,0.001,0.018
5440,0.09,-0.001,0.029
5450,0.105,0.036,0.022
5460,0.1,0.007,0.013
5470,0.073,-0.013,0.026
5480,0.092,0.001,-0.002
5490,0.084,-0.006,0.042
5500,0.077,0.005,0.017
5510,0.099,-0.023,-0.007
5520,0.094,0.014,0.022
5530,0.048,-0.007,0.03
5540,0.077,-0.01,-0.013
5550,0.071,0,0.076
5560,0.094,0.012,0.011
5570,0.09,0.014,0.005
5580,0.068,-0.01,0.001
5590,0.096,0.018,0.042
5600,0.087,-0.013,0.041
5610,0.053,-0.019,-0.001
5620,0.089,0,0.062
5630,0.071,-0.011,0.002
5640,0.043,0.013,-0.001
5650,0.091,-0.013,-0.001
5660,0.086,-0.009,-0.011
5670,0.066,-0.001,0.017
5680,0.077,0,0.007
5690,0.096,0.002,-0.007
5700,0.085,0.015,0.024
5710,0.056,-0.009,0
5720,0.078,-0.017,0.01
5730,0.072,-0.016,0.052
5740,0.048,-0.017,0.004
5750,0.092,0.01,-0.042
5760,0.083,0.001,-0.009
5770,0.108,-0.009,0.008
5780,0.071,-0.001,0.014
5790,0.089,-0.016,0.049
5800,0.068,-0.013,0.024
5810,0.073,0.013,-0.008
5820,0.081,0.003,0.024
5830,0.086,-0.006,0.041
5840,0.065,0.01,-0.002
5850,0.099,-0.011,0.008
5860,0.083,-0.004,0.01
5870,0.09,0.012,-0.008
5880,0.084,0.002,-0.002
5890,0.11,-0.018,0.023
5900,0.079,0.006,-0.008
5910,0.078,0.003,0.008
5920,0.104,-0.007,-0.048
5930,0.051,-0.017,-0.006
5940,0.071,0.007,0
5950,0.103,0.013,0.047
5960,0.079,-0.009,0.04
5970,0.045,0.007,-0.002
5980,0.08,-0.017,0.007
5990,0.096,0.009,0.007
6000,0.078,-0.011,0.017
6010,0.056,0.003,0.008
6020,0.093,-0.001,0.007
6030,0.079,0,-0.004
6040,0.055,-0.005,0.004
6050,0.089,0.002,0.012
6060,0.102,0.013,0.018
6070,0.073,-0.013,0.036
6080,0.097,0.014,0.005
6090,0.094,-0.005,0.018
6100,0.067,-0.022,0.013
6110,0.08,-0.011,0.02
6120,0.103,-0.001,0.018
6130,0.085,-0.018,0.005
6140,0.073,0.027,0.018
6150,0.085,-0.017,-0.011
6160,0.056,-0.004,0.031
6170,0.045,-0.015,-0.012
6180,0.077,-0.04,0.032
6190,0.097,-0.015,-0.011
6200,0.066,-0.004,0.002
6210,0.061,0.001,-0.006
6220,0.091,0.02,0.006
6230,0.065,0.015,0.068
6240,0.069,-0.023,0.018
6250,0.087,0.033,0.001
6260,0.089,-0.031,-0.006
6270,0.066,-0.012,0.005
6280,0.083,0.003,0.023
6290,0.081,-0.009,-0.018
6300,0.11,-0.023,0.031
6310,0.093,0.003,0.014
6320,0.089,-0.006,0.029
6330,0.086,-0.009,0.004
6340,0.074,-0.016,-0.001
6350,0.085,-0.003,0.01
6360,0.094,0.01,0.016
6370,0.089,0.003,0.038
6380,0.087,-0.005,0.068
6390,0.102,0.001,-0.018
6400,0.067,0.002,0.046
6410,0.071,0.015,0.002
6420,0.106,0.013,0.005
6430,0.09,-0.017,0.031
6440,0.054,-0.003,-0.006
6450,0.083,-0.019,0.02
6460,0.074,0,-0.004
6470,0.079,-0.001,0.02
6480,0.098,-0.023,-0.011
6490,0.065,0.03,0.02
6500,0.075,0.002,0.077
6510,0.086,0.02,0.053
6520,0.073,0,0.037
6530,0.074,0.01,-0.048
6540,0.067,0.009,0.022
6550,0.099,0.021,0.037
6560,0.098,0.025,0.005
6570,0.055,0.016,0.037
6580,0.066,0,0.02
6590,0.093,-0.011,0.011
6600,0.097,0.002,0.034
6610,0.084,-0.005,0.023
6620,0.115,0.009,-0.024
6630,0.091,-0.004,0.025
6640,0.087,-0.006,0.012
6650,0.097,0.008,0.019
6660,0.1,-0.005,0.025
6670,0.033,-0.022,0.008
6680,0.099,-0.003,0.036
6690,0.091,0.002,0.036
6700,0.045,0.018,0.032
6710,0.065,0.009,-0.018
6720,0.099,0.007,0.038
6730,0.066,-0.027,0.014
6740,0.06,-0.009,0.011
6750,0.098,0.006,0.029
6760,0.071,-0.013,-0.002
6770,0.067,-0.005,-0.032
6780,0.066,-0.005,-0.024
6790,0.081,-0.019,0.052
6800,0.089,-0.011,0.024
6810,0.099,-0.023,0.024
6820,0.075,0,-0.027
6830,0.059,-0.013,0.024
6840,0.041,-0.018,0.026
6850,0.108,-0.019,0.004
6860,0.047,-0.018,0.025
6870,0.08,-0.012,0.056
6880,0.089,0.016,0.014
6890,0.096,0.016,0.002
6900,0.063,-0.005,0.011
6910,0.067,-0.003,0.004
6920,0.085,0.021,0.01
6930,0.059,0.019,-0.004
6940,0.075,0.015,0.007
6950,0.092,0.003,0.074
6960,0.067,0.006,0.023
6970,0.068,-0.021,0.008
6980,0.091,-0.006,0.02
6990,0.093,0.009,0.011
7000,0.091,0.001,0.019
7010,0.075,0.01,0.007
7020,0.102,0.016,0.008
7030,0.083,0.007,0.055
7040,0.045,-0.006,0.034
7050,0.072,0.007,-0.074
7060,0.071,-0.003,0.01
7070,0.062,-0.017,0.029
7080,0.075,0.013,-0.009
7090,0.1,0,0.006
7100,0.092,-0.012,-0.011
7110,0.08,-0.006,0.03
7120,0.081,0.014,-0.002
7130,0.063,-0.006,0
7140,0.059,-0.006,0.026
7150,0.061,-0.006,0.025
7160,0.084,0.003,0.017
7170,0.071,-0.017,-0.001
7180,0.1,0.016,0.016
7190,0.096,-0.006,0.002
7200,0.061,0.002,0.031
7210,0.043,0.027,0.034
7220,0.089,0.01,0.002
7230,0.079,0.013,0.001
7240,0.047,-0.005,0.043
7250,0.112,0.02,-0.012
7260,0.085,-0.001,0.007
7270,0.072,0.001,0.029
7280,0.097,0.018,0.019
7290,0.096,0.003,0.031
7300,0.09,0.006,0.013
7310,0.094,0.002,0.01
7320,0.097,-0.011,-0.001
7330,0.087,0.014,-0.015
7340,0.06,0.022,0.019
7350,0.126,0.019,0.001
7360,0.094,0,0.05
7370,0.087,-0.022,-0.011
7380,0.091,-0.028,0.04
7390,0.13,0.006,-0.004
7400,0.071,-0.016,0.001
7410,0.094,0.021,-0.008
7420,0.11,-0.004,0.028
7430,0.051,-0.035,-0.013
7440,0.066,-0.004,0.008
7450,0.094,0.002,0.017
7460,0.1,0.005,-0.009
7470,0.093,0.013,0.03
7480,0.069,0.024,-0.017
7490,0.071,0.013,0.01
7500,0.072,-0.006,-0.007
7510,0.066,-0.012,0.031
7520,0.109,0.032,-0.027
7530,0.084,0.008,-0.015
7540,0.105,0.009,-0.027
7550,0.084,0.013,-0.015
7560,0.087,0.005,0.013
7570,0.077,-0.017,0.066
7580,0.084,0.025,0.002
7590,0.078,0.028,0.017
7600,0.087,0.015,-0.015
7610,0.057,0,0.032
7620,0.072,0.005,0.029
7630,0.051,0.005,0.019
7640,0.099,0.009,0.023
7650,0.106,-0.015,0.006
7660,0.105,-0.009,-0.017
7670,0.073,0.018,0.031
7680,0.084,-0.019,0
7690,0.079,-0.01,0.022
7700,0.057,-0.007,0.018
7710,0.093,-0.022,0
7720,0.099,-0.009,0.047
7730,0.068,-0.005,0.026
7740,0.083,-0.018,0.026
7750,0.108,0.003,0.05
7760,0.057,-0.016,0.038
7770,0.083,0.005,0.008
7780,0.123,-0.004,-0.013
7790,0.08,-0.004,-0.027
7800,0.05,-0.004,0.012
7810,0.083,0.016,0.012
7820,0.11,-0.006,0.055
7830,0.078,-0.003,0.008
7840,0.096,0.002,0.016
7850,0.092,0.014,0.007
7860,0.08,-0.009,0.02
7870,0.084,-0.006,0.006
7880,0.092,-0.001,0.017
7890,0.062,0.001,-0.004
7900,0.072,-0.016,0.022
7910,0.071,-0.003,0.019
7920,0.072,-0.005,-0.001
7930,0.055,-0.006,0.011
7940,0.069,0.002,-0.011
7950,0.056,0.01,0.032
7960,0.069,-0.015,-0.007
7970,0.068,-0.012,0
7980,0.048,0.014,0.038
7990,0.063,0.003,-0.021
8000,0.08,-0.013,0.034
8010,0.102,-0.009,0
8020,0.084,0.002,0.016
8030,0.065,0.009,0.01
8040,0.086,0.021,-0.008
8050,0.106,-0.006,-0.007
8060,0.096,-0.007,-0.005
8070,0.089,-0.004,-0.019
8080,0.104,-0.012,0.079
8090,0.078,-0.004,0.035
8100,0.048,-0.001,0.042
8110,0.071,-0.018,0.032
8120,0.066,0.012,0.036
8130,0.065,0.006,0.024
8140,0.099,0.03,0.04
8150,0.096,-0.005,0.043
8160,0.093,0.006,0.059
8170,0.09,-0.009,0.014
8180,0.089,0.01,0.041
8190,0.068,0.009,0.04
8200,0.079,-0.007,-0.001
8210,0.109,0.018,0.041
8220,0.077,0.003,0.024
8230,0.078,0.006,0.034
8240,0.098,0.025,0.031
8250,0.099,0.014,0.037
8260,0.062,-0.019,-0.002
8270,0.072,-0.005,0.044
8280,0.073,0.006,0.05
8290,0.077,0.002,-0.004
8300,0.086,0,0.001
8310,0.092,0.006,0.026
8320,0.096,0.003,0.052
8330,0.062,0.005,0.047
8340,0.069,-0.013,0.008
8350,0.073,-0.011,0.024
8360,0.071,-0.005,0.059
8370,0.09,-0.005,-0.006
8380,0.069,-0.005,0.006
8390,0.073,0.013,-0.001
8400,0.044,-0.018,-0.008
8410,0.092,0.001,0.038
8420,0.089,-0.01,0.025
8430,0.072,-0.006,0.044
8440,0.071,-0.021,0.002
8450,0.11,0.02,0.04
8460,0.08,0.006,0.002
8470,0.072,0.018,-0.008
8480,0.093,-0.003,0.001
8490,0.066,-0.007,0.008
8500,0.085,0.001,0.028
8510,0.098,0.015,0.05
8520,0.106,0.003,0.023
8530,0.041,-0.006,0.043
8540,0.096,-0.034,0.001
8550,0.085,-0.005,0.011
8560,0.071,-0.001,0.043
8570,0.062,0.006,0.004
8580,0.106,-0.007,0.025
8590,0.094,0.001,0.001
8600,0.073,-0.009,0.037
8610,0.083,-0.022,0.023
8620,0.079,-0.005,-0.007
8630,0.063,0.002,0.01
8640,0.086,0.003,-0.008
8650,0.122,0.002,-0.012
8660,0.083,-0.01,0.022
8670,0.061,0.005,0.026
8680,0.072,0,-0.006
8690,0.062,-0.01,-0.001
8700,0.075,-0.015,0.006
8710,0.086,0.005,-0.025
8720,0.094,-0.01,-0.011
8730,0.06,-0.004,-0.021
8740,0.066,0.015,0.01
8750,0.121,0.007,0.004
8760,0.048,0.007,0.014
8770,0.091,0.013,-0.002
8780,0.099,-0.01,-0.012
8790,0.075,0.009,0.018
8800,0.092,0.009,0.023
8810,0.084,0.01,0.007
8820,0.074,-0.031,0.018
8830,0.073,-0.024,0.029
8840,0.089,-0.005,0.02
8850,0.114,0.01,0.025
8860,0.093,-0.016,0.013
8870,0.105,-0.013,0.008
8880,0.086,0.025,0.04
8890,0.091,0.014,0.018
8900,0.069,0.02,-0.002
8910,0.062,-0.007,0.028
8920,0.071,-0.012,0.03
8930,0.084,-0.003,0.005
8940,0.091,0.001,0.04
8950,0.106,0.019,0.041
8960,0.062,-0.009,0.024
8970,0.067,0.01,0.013
8980,0.1,-0.006,-0.009
8990,0.086,-0.007,0.028
9000,0.096,-0.01,0.028
9010,0.108,-0.005,0.028
9020,0.079,-0.023,-0.004
9030,0.057,-0.033,0.031
9040,0.091,0.016,0.052
9050,0.083,0.002,0.052
9060,0.062,-0.001,0.011
9070,0.072,-0.012,-0.033
9080,0.102,0.001,0.031
9090,0.083,-0.012,-0.015
9100,0.083,-0.029,0.004
9110,0.069,-0.012,0.026
9120,0.067,-0.011,0.055
9130,0.059,-0.023,0.031
9140,0.092,-0.01,0.047
9150,0.081,-0.024,0.022
9160,0.084,-0.009,-0.006
9170,0.081,-0.003,0.013
9180,0.091,0.024,0.034
9190,0.078,-0.012,-0.011
9200,0.057,-0.005,-0.004
9210,0.104,0.015,0.034
9220,0.065,-0.018,0.001
9230,0.08,-0.029,0.007
9240,0.104,0.006,0.022
9250,0.071,0.002,0.011
9260,0.072,-0.01,0.022
9270,0.074,-0.012,0.017
9280,0.074,-0.007,-0.004
9290,0.048,0.007,0.011
9300,0.051,-0.001,0.017
9310,0.086,0.003,0.024
9320,0.071,0.002,-0.019
9330,0.057,-0.001,-0.008
9340,0.086,-0.019,0.05
9350,0.069,-0.007,0.023
9360,0.061,-0.005,0.028
9370,0.103,-0.007,0.016
9380,0.084,-0.01,0.031
9390,0.061,-0.003,0.026
9400,0.065,-0.017,0.016
9410,0.085,0.007,-0.004
9420,0.087,0.015,0.006
9430,0.075,-0.007,0.016
9440,0.085,0.012,0.031
9450,0.044,0.01,-0.011
9460,0.054,-0.018,-0.038
9470,0.073,-0.021,0.019
9480,0.08,0.005,0.017
9490,0.079,-0.024,-0.009
9500,0.079,-0.009,0.02
9510,0.097,-0.012,0.065
9520,0.071,-0.013,0.052
9530,0.051,-0.006,0.019
9540,0.079,-0.013,-0.018
9550,0.097,0.038,0.005
9560,0.048,-0.021,-0.001
9570,0.078,-0.005,-0.021
9580,0.065,0.003,-0.011
9590,0.055,0.006,0.011
9600,0.083,0.007,0.001
9610,0.11,-0.005,0.038
9620,0.084,-0.003,-0.014
9630,0.087,-0.023,0.014
9640,0.099,-0.018,0.008
9650,0.09,0.012,-0.024
9660,0.062,-0.015,-0.008
9670,0.087,0,0.007
9680,0.103,-0.011,0.016
9690,0.067,-0.018,0.055
9700,0.067,-0.007,-0.015
9710,0.086,-0.016,-0.006
9720,0.1,0.016,0.012
9730,0.072,0.009,0.002
9740,0.091,0.014,0.05
9750,0.073,0.002,0.053
9760,0.078,-0.017,0.004
9770,0.051,-0.009,0.025
9780,0.097,0.013,0.044
9790,0.067,-0.006,0.004
9800,0.071,0,0.035
9810,0.081,-0.016,0.017
9820,0.061,-0.017,0.042
9830,0.05,-0.009,0.028
9840,0.099,0.01,0.049
9850,0.099,-0.023,0.001
9860,0.08,-0.001,0.041
9870,0.048,0.02,-0.002
9880,0.079,0.003,0.052
9890,0.044,0.005,0.01
9900,0.077,0.005,0.01
9910,0.097,0.002,0.031
9920,0.068,0.031,0.005
9930,0.079,-0.001,0.048
9940,0.083,-0.018,0.023
9950,0.066,-0.006,-0.006
9960,0.074,0.01,0.036
9970,0.08,-0.01,0.042
9980,0.074,0.003,0.017
9990,0.075,-0.001,-0.008
10000,0.059,-0.007,0.02
10010,0.087,0.019,0.032
10020,0.098,0.021,-0.008
10030,0.074,-0.024,0.029
10040,0.078,-0.022,-0.001
10050,0.084,0.002,-0.02
10060,0.075,0,0.031
10070,0.081,-0.007,0.01
10080,0.089,-0.006,0.008
10090,0.057,-0.001,0.024
10100,0.054,0.024,0.034
10110,0.098,-0.001,0.011
10120,0.083,0.016,-0.008
10130,0.074,0.021,0.005
10140,0.097,0.003,0.013
10150,0.092,-0.028,0.035
10160,0.073,-0.033,0.068
10170,0.065,0.005,-0.004
10180,0.099,-0.017,0.029
10190,0.067,-0.01,0.017
10200,0.044,-0.012,0.007
10210,0.098,-0.023,0.008
10220,0.062,-0.01,0.031
10230,0.063,-0.013,0.025
10240,0.104,-0.009,0.047
10250,0.085,-0.001,0.028
10260,0.05,-0.021,0.017
10270,0.086,-0.04,0.005
10280,0.098,0.025,0.03
10290,0.079,0.019,0.011
10300,0.05,-0.004,0.006
10310,0.09,0.01,0.01
10320,0.069,0.006,0.01
10330,0.041,-0.022,0.028
10340,0.123,-0.023,-0.001
10350,0.079,0.002,0.028
10360,0.078,0.028,0.03
10370,0.093,0.014,0.011
10380,0.09,0.022,0.036
10390,0.061,0.006,0.019
10400,0.084,0,0.024
10410,0.097,-0.01,0.019
10420,0.075,0.012,0.011
10430,0.094,-0.017,0.047
10440,0.098,0.006,0.034
10450,0.108,0.007,0.005
10460,0.073,-0.011,-0.019
10470,0.094,-0.019,0.043
10480,0.089,0.016,0.035
10490,0.031,-0.009,0.05
10500,0.092,-0.015,-0.008
10510,0.108,-0.001,-0.013
10520,0.047,-0.01,0.05
10530,0.073,-0.003,0.047
10540,0.087,0.007,0.044
10550,0.1,0.009,-0.004
10560,0.069,0.009,0.012
10570,0.073,0.012,-0.009
10580,0.096,-0.015,0.03
10590,0.085,-0.024,-0.002
10600,0.065,0.018,0.041
10610,0.109,0.019,0.079
10620,0.068,-0.009,0.01
10630,0.054,-0.015,0.005
10640,0.094,0.006,0.013
10650,0.097,0.016,0.036
10660,0.074,-0.005,0.028
10670,0.085,-0.004,-0.031
10680,0.069,0.005,0.053
10690,0.049,-0.017,0.032
10700,0.074,-0.007,0.017
10710,0.077,0.019,0.072
10720,0.085,-0.009,0
10730,0.086,0.002,0.023
10740,0.094,-0.003,-0.024
10750,0.059,0.007,0.042
10760,0.077,-0.012,0.032
10770,0.06,0.001,0.019
10780,0.065,-0.006,0.032
10790,0.051,0.016,0.028
10800,0.083,0.005,0.035
10810,0.077,0,-0.009
10820,0.069,0.012,-0.008
10830,0.075,0.006,0.031
10840,0.105,0.046,0.023
10850,0.098,-0.006,0.004
10860,0.109,-0.019,0.03
10870,0.09,-0.009,0.03
10880,0.099,0.021,-0.019
10890,0.042,0.016,-0.015
10900,0.061,-0.003,0.019
10910,0.104,0.03,-0.001
10920,0.091,0,-0.011
10930,0.073,-0.016,-0.009
10940,0.087,-0.01,0.012
10950,0.081,-0.019,0.013
10960,0.06,0.002,0.005
10970,0.086,-0.016,0.016
10980,0.096,-0.006,0.01
10990,0.065,0.014,0.028
11000,0.071,0.012,0.002
11010,0.096,0.001,-0.013
11020,0.074,-0.021,0.034
11030,0.09,-0.001,0.034
11040,0.092,0.01,0.004
11050,0.065,0.008,-0.011
11060,0.062,0.005,-0.047
11070,0.085,0.01,-0.002
11080,0.071,0.016,0.048
11090,0.073,0.012,0.028
11100,0.066,-0.016,0.031
11110,0.106,0.021,0.036
11120,0.066,0.015,-0.023
11130,0.055,0.013,0.019
11140,0.094,0.003,0.041
11150,0.098,-0.016,0.03
11160,0.072,-0.003,0.002
11170,0.073,0.027,0.026
11180,0.08,-0.006,0.018
11190,0.086,-0.004,-0.002
11200,0.065,0.012,-0.013
11210,0.087,-0.001,0.028
11220,0.08,0.001,0.011
11230,0.092,-0.006,0.008
11240,0.108,-0.004,0.017
11250,0.068,0.008,0.036
11260,0.069,-0.005,0.011
11270,0.087,0.005,0.006
11280,0.093,-0.01,-0.011
11290,0.093,-0.017,0.011
11300,0.114,-0.004,0
11310,0.1,0.002,-0.011
11320,0.073,0.005,0.028
11330,0.069,0.007,0.02
11340,0.108,0.002,-0.015
11350,0.083,0.002,0.001
11360,0.11,0.005,-0.013
11370,0.09,-0.017,0.048
11380,0.1,-0.019,0.02
11390,0.067,-0.013,0.028
11400,0.079,0,0.001
11410,0.098,0.01,0.04
11420,0.066,0.006,0.005
11430,0.055,0.018,0.031
11440,0.086,0.015,0.054
11450,0.083,-0.021,0.005
11460,0.098,-0.018,0.052
11470,0.075,0.014,0.043
11480,0.083,-0.007,0.031
11490,0.083,-0.016,0.012
11500,0.048,0,0.007
11510,0.096,0.013,0.053
11520,0.081,0.008,-0.015
11530,0.071,0.003,0.041
11540,0.089,-0.011,0.06
11550,0.099,0.028,0.034
11560,0.074,-0.011,0.018
11570,0.09,-0.001,0.018
11580,0.083,-0.016,0.049
11590,0.057,-0.009,0.024
11600,0.075,0.026,0.044
11610,0.11,0.005,-0.03
11620,0.065,0.019,0
11630,0.05,0.007,0.054
11640,0.092,0.02,-0.019
11650,0.089,0.002,0.023
11660,0.045,-0.022,0.001
11670,0.111,0,0.016
11680,0.087,0.02,0.037
11690,0.066,0.006,-0.005
11700,0.071,0.005,-0.001
11710,0.1,-0.006,-0.006
11720,0.066,-0.005,-0.002
11730,0.103,-0.006,-0.005
11740,0.089,0.006,-0.001
11750,0.086,0.015,0.006
11760,0.045,-0.018,0.017
11770,0.089,-0.017,-0.021
11780,0.099,0.006,-0.012
11790,0.084,-0.016,0.001
11800,0.097,-0.015,-0.018
11810,0.062,-0.009,0.031
11820,0.078,-0.006,0.04
11830,0.096,0.006,0.029
11840,0.087,0.009,0.055
11850,0.074,-0.012,0.011
11860,0.09,0.006,-0.018
11870,0.057,0.038,0
11880,0.087,0.01,0.012
11890,0.066,0.005,0.004
11900,0.09,-0.009,0.004
11910,0.081,0.009,-0.002
11920,0.055,0.03,-0.021
11930,0.109,0.002,-0.017
11940,0.079,0,0.019
11950,0.084,-0.018,0.014
11960,0.087,-0.023,0.02
11970,0.051,-0.005,0.047
11980,0.075,0.007,-0.015
11990,0.068,-0.001,-0.015
12000,0.085,0.014,0.028
12010,0.092,0.007,-0.004
12020,0.079,0.009,0.023
12030,0.061,0.006,0.016
12040,0.089,0.008,0.007
12050,0.081,0.01,0.025
12060,0.072,0.005,0.014
12070,0.096,0.008,0.025
12080,0.087,0.001,0.007
12090,0.08,-0.006,0.016
12100,0.093,-0.012,0.024
12110,0.084,0.015,0.023
12120,0.062,0.003,0.034
12130,0.066,-0.019,-0.001
12140,0.075,0.009,0.01
12150,0.067,-0.011,-0.011
12160,0.072,-0.005,0.018
12170,0.081,0.006,0.038
12180,0.094,0.021,-0.004
12190,0.061,0.007,0.01
12200,0.08,-0.006,0.004
12210,0.086,0.005,-0.015
12220,0.083,0.001,0.011
12230,0.087,0.015,0.025
12240,0.079,-0.013,-0.012
12250,0.075,0.008,-0.001
12260,0.05,-0.013,0.032
12270,0.084,-0.007,-0.008
12280,0.1,-0.012,0.013
12290,0.069,-0.007,-0.023
12300,0.085,-0.006,0.012
12310,0.072,-0.001,-0.013
12320,0.05,0.009,0.028
12330,0.098,0.012,0.042
12340,0.097,-0.012,0.022
12350,0.078,-0.009,0.025
12360,0.043,0,0.043
12370,0.102,0.028,0.022
12380,0.073,0,0.005
12390,0.053,-0.009,0.018
12400,0.099,0.006,0.013
12410,0.074,-0.013,-0.023
12420,0.081,0.006,0.008
12430,0.051,0.008,0.007
12440,0.093,-0.003,-0.021
12450,0.053,-0.012,-0.015
12460,0.057,0.001,0.023
12470,0.083,-0.013,-0.014
12480,0.075,0.019,0.013
12490,0.074,0.015,0.01
12500,0.129,-0.019,0.05
12510,0.1,-0.003,0.077
12520,0.072,-0.011,0.001
12530,0.116,-0.016,0.024
12540,0.077,-0.021,-0.007
12550,0.085,-0.009,-0.006
12560,0.089,-0.013,-0.004
12570,0.109,0.02,0.011
12580,0.089,0.031,0.052
12590,0.077,-0.01,-0.014
12600,0.102,0.027,0.036
12610,0.103,-0.004,0.007
12620,0.063,-0.036,0.058
12630,0.069,-0.005,-0.001
12640,0.079,0.005,0.018
12650,0.072,-0.005,0.02
12660,0.071,0.005,0.022
12670,0.093,-0.016,0.016
12680,0.081,-0.003,0.004
12690,0.077,-0.005,0.03
12700,0.078,-0.009,0.016
12710,0.104,0.025,0.004
12720,0.084,0.02,0.011
12730,0.08,0.01,0.017
12740,0.09,0.026,0.04
12750,0.055,0.006,0.031
12760,0.072,0.001,0.055
12770,0.112,0.006,-0.026
12780,0.108,-0.011,0.005
12790,0.063,-0.015,0.014
12800,0.074,0,-0.026
12810,0.1,0.01,0.068
12820,0.057,-0.023,0.001
12830,0.079,-0.023,-0.011
12840,0.093,0.022,0.005
12850,0.077,0.014,0.036
12860,0.079,-0.004,0.001
12870,0.092,-0.017,0.029
12880,0.085,-0.054,0.006
12890,0.044,0.002,-0.007
12900,0.099,0.012,0.042
12910,0.102,-0.001,0.016
12920,0.089,0.007,-0.026
12930,0.089,0.008,-0.009
12940,0.085,-0.007,-0.001
12950,0.055,-0.024,-0.025
12960,0.069,0.007,0.019
12970,0.069,0.02,0.035
12980,0.085,-0.01,0.017
12990,0.068,0.007,-0.007
13000,0.056,0.013,0.026
13010,0.085,0.006,0.068
13020,0.057,0.005,0.031
13030,0.084,0.009,0.018
13040,0.094,-0.003,0.018
13050,0.077,-0.001,0.019
13060,0.096,-0.006,0.007
13070,0.098,0.021,-0.026
13080,0.061,0.007,0.017
13090,0.083,-0.003,-0.006
13100,0.091,0.006,0.028
13110,0.104,0.003,0.04
13120,0.084,0.007,0.014
13130,0.073,0.009,0.013
13140,0.067,-0.009,0.034
13150,0.066,-0.012,-0.029
13160,0.055,0.001,-0.009
13170,0.089,-0.009,-0.017
13180,0.077,-0.025,-0.017
13190,0.063,-0.021,0.01
13200,0.094,-0.021,0.018
13210,0.094,-0.005,0.028
13220,0.09,-0.007,0.042
13230,0.056,-0.011,0.016
13240,0.078,-0.01,0.007
13250,0.066,0.01,0.049
13260,0.066,0.008,0.076
13270,0.075,0.012,0.016
13280,0.074,-0.017,0.006
13290,0.061,-0.001,-0.005
13300,0.094,-0.005,0.008
13310,0.086,-0.006,0.041
13320,0.08,0.019,-0.027
13330,0.093,0.007,0.013
13340,0.075,-0.024,0.04
13350,0.079,0.009,0.002
13360,0.094,-0.018,0.012
13370,0.087,0.014,0.019
13380,0.083,0.012,-0.014
13390,0.084,0.002,0.001
13400,0.093,0.003,0
13410,0.081,0.014,-0.011
13420,0.06,-0.005,-0.013
13430,0.112,0.013,0.029
13440,0.11,0.014,0.022
13450,0.085,0.001,-0.032
13460,0.1,-0.006,0.053
13470,0.099,0.007,0.022
13480,0.086,-0.011,0.028
13490,0.074,0,0.047
13500,0.078,0.005,0.059
13510,0.087,0.008,0.03
13520,0.071,-0.011,0.018
13530,0.087,0.002,0.006
13540,0.074,-0.004,0.031
13550,0.055,-0.01,0.046
13560,0.073,0.038,-0.007
13570,0.096,-0.004,0.005
13580,0.066,-0.001,0.002
13590,0.077,0.005,0.029
13600,0.091,0.007,-0.009
13610,0.092,-0.005,-0.014
13620,0.063,-0.015,0.014
13630,0.09,0.005,-0.017
13640,0.087,-0.007,-0.008
13650,0.057,-0.013,0.035
13660,0.072,-0.011,-0.018
13670,0.093,0.003,0.035
13680,0.068,0.006,-0.001
13690,0.071,0.014,0.052
13700,0.09,-0.017,0.018
13710,0.096,0.01,0.05
13720,0.066,0.016,0.01
13730,0.086,0.019,0.024
13740,0.081,0.001,0.005
13750,0.068,-0.017,0.032
13760,0.083,-0.006,0.006
13770,0.056,-0.01,0.002
13780,0.051,0.026,0.031
13790,0.077,0,-0.005
13800,0.086,0,0.046
13810,0.073,0.006,0.026
13820,0.081,0.009,0.008
13830,0.13,-0.013,0.032
13840,0.071,-0.028,0.002
13850,0.075,-0.006,0.053
13860,0.081,0.019,0.024
13870,0.093,-0.012,0.041
13880,0.068,-0.006,-0.008
13890,0.103,-0.006,0.038
13900,0.078,0.018,0.017
13910,0.084,-0.005,0.019
13920,0.078,0.007,0.023
13930,0.114,0.001,0.031
13940,0.069,-0.005,0.038
13950,0.067,-0.012,0.014
13960,0.071,-0.024,0.013
13970,0.1,-0.019,0.014
13980,0.081,-0.015,0.007
13990,0.062,-0.01,0.022
14000,0.071,0.005,0.013
14010,0.099,0.031,0.017
14020,0.073,0.013,0.024
14030,0.091,-0.001,0.006
14040,0.066,-0.015,0.031
14050,0.072,-0.009,0.023
14060,0.11,-0.015,0.012
14070,0.111,-0.023,0.038
14080,0.078,0.013,0.024
14090,0.061,-0.01,0.026
14100,0.061,0.013,0.006
14110,0.06,0.008,-0.002
14120,0.078,-0.007,-0.005
14130,0.091,-0.015,-0.014
14140,0.094,0.009,0.029
14150,0.037,0.016,0.023
14160,0.057,-0.028,0.007
14170,0.099,-0.007,-0.013
14180,0.093,0,0.024
14190,0.096,0.021,-0.005
14200,0.09,0.006,0.017
14210,0.061,0.012,0.028
14220,0.065,0.001,0.022
14230,0.108,0.002,0.029
14240,0.09,0.008,0.035
14250,0.048,0.01,0.02
14260,0.112,0.018,0.02
14270,0.097,0.016,0.02
14280,0.069,0.009,-0.009
14290,0.075,-0.004,0.007
14300,0.098,0.003,0.024
14310,0.067,-0.023,0.061
14320,0.066,-0.023,-0.019
14330,0.103,-0.001,0.019
14340,0.066,0.012,0.025
14350,0.081,-0.018,0.007
14360,0.074,-0.015,-0.007
14370,0.068,-0.015,0.01
14380,0.079,-0.003,0.011
14390,0.073,-0.022,0.006
14400,0.069,-0.016,-0.005
14410,0.059,0.001,0.047
14420,0.071,0.015,0.001
14430,0.105,0.002,0.023
14440,0.104,-0.003,0.006
14450,0.072,-0.016,0.001
14460,0.081,0.009,-0.044
14470,0.1,0.012,0.032
14480,0.075,0.014,0.005
14490,0.069,-0.012,0.054
14500,0.091,0.009,0.026
14510,0.067,-0.019,0.002
14520,0.075,-0.004,0.018
14530,0.093,0.01,-0.013
14540,0.075,0.002,0.054
14550,0.044,-0.015,0.018
14560,0.108,0.013,0.038
14570,0.112,0.013,0.008
14580,0.112,-0.007,-0.004
14590,0.087,-0.028,0.037
14600,0.085,-0.003,0.035
14610,0.094,0.021,0.023
14620,0.062,0.005,0.032
14630,0.094,0.01,0.036
14640,0.108,0.007,-0.011
14650,0.093,-0.01,0.025
14660,0.105,0.003,0.04
14670,0.098,0.032,0.029
14680,0.077,-0.007,0.017
14690,0.089,0.028,0.017
14700,0.087,0.006,0.017
14710,0.068,-0.034,0.03
14720,0.083,-0.005,0.008
14730,0.089,-0.003,0.044
14740,0.074,-0.003,0.04
14750,0.039,-0.005,-0.023
14760,0.072,-0.006,0.006
14770,0.086,0.001,0.012
14780,0.096,-0.003,-0.005
14790,0.093,0.008,-0.024
14800,0.071,0.009,0.036
14810,0.072,0.014,-0.027
14820,0.071,0.009,0.011
14830,0.098,-0.015,0.028
14840,0.106,0,0.007
14850,0.072,0.003,-0.03
14860,0.074,0.019,0.006
14870,0.065,0.015,0.065
14880,0.08,0.002,0.012
14890,0.097,-0.016,-0.004
14900,0.115,0.019,0.03
14910,0.054,-0.004,0.014
14920,0.069,-0.01,0.042
14930,0.094,-0.003,0.019
14940,0.074,0.013,-0.002
14950,0.068,-0.005,0.004
14960,0.071,0.001,-0.009
14970,0.111,-0.009,0.019
14980,0.065,-0.006,0.02
14990,0.097,0.003,0.02
15000,0.096,0.006,-0.041
15010,0.079,0.001,-0.002
15020,0.086,0.02,-0.012
15030,0.099,0.006,0.023
15040,0.071,-0.025,-0.002
15050,0.036,-0.004,0.013
15060,0.094,0.007,0.012
15070,0.091,0.003,0.013
15080,0.069,0.007,0.034
15090,0.081,-0.001,0.024
15100,0.105,0.015,0.042
15110,0.079,0.005,0.006
15120,0.078,-0.029,-0.005
15130,0.066,-0.024,0.007
15140,0.062,-0.024,-0.004
15150,0.061,-0.006,0.018
15160,0.056,0,0.022
15170,0.102,0.013,0.042
15180,0.066,0.026,0.014
15190,0.089,0.002,0.011
15200,0.083,0.007,0.022
15210,0.078,0.006,0.028
15220,0.087,0.018,-0.038
15230,0.072,0.007,0.052
15240,0.08,-0.004,0.034
15250,0.057,0.002,0.053
15260,0.061,0.008,0.035
15270,0.104,-0.001,0.002
15280,0.065,-0.011,0.002
15290,0.094,0.005,0.002
15300,0.085,0.015,0.029
15310,0.077,-0.024,-0.008
15320,0.098,0.006,0.004
15330,0.083,0.012,0.016
15340,0.072,0.002,0.013
15350,0.072,0.008,-0.002
15360,0.103,0.005,0.029
15370,0.086,0.013,0.032
15380,0.083,-0.009,-0.043
15390,0.067,0.001,-0.035
15400,0.109,0.012,0.03
15410,0.077,0.01,0.019
15420,0.048,-0.004,0.016
15430,0.102,-0.018,0.049
15440,0.071,0.009,-0.015
15450,0.05,-0.012,-0.012
15460,0.108,-0.004,0.017
15470,0.067,-0.003,0.049
15480,0.073,-0.012,0.03
15490,0.059,-0.01,0.032
15500,0.102,-0.016,0.012
15510,0.06,0.002,0.011
15520,0.054,0.007,0.042
15530,0.117,0,0.011
15540,0.085,0.022,0.052
15550,0.077,0.015,0
15560,0.079,0,0.042
15570,0.089,0.013,0.046
15580,0.08,-0.004,-0.011
15590,0.069,-0.006,0.017
15600,0.112,-0.018,0.068
15610,0.072,0.009,0.013
15620,0.086,0.002,0.001
15630,0.111,0.008,0.032
15640,0.098,0.008,0.01
15650,0.092,-0.016,0.04
15660,0.086,-0.004,0.038
15670,0.073,0.006,-0.004
15680,0.074,-0.005,0.048
15690,0.1,-0.015,0.025
15700,0.075,0.018,0.011
15710,0.069,0.018,0.018
15720,0.055,0.012,-0.005
15730,0.069,0.021,-0.013
15740,0.089,0.01,-0.007
15750,0.068,-0.013,-0.005
15760,0.075,0.018,0.024
15770,0.079,-0.018,-0.002
15780,0.071,-0.009,0.034
15790,0.086,-0.004,0.02
15800,0.096,0.019,-0.005
15810,0.084,-0.007,-0.015
15820,0.079,-0.011,0.034
15830,0.115,-0.005,0.012
15840,0.08,0.003,0.052
15850,0.081,0.009,0.014
15860,0.087,-0.001,-0.024
15870,0.097,0.001,-0.007
15880,0.041,-0.012,0.031
15890,0.075,0.027,0
15900,0.09,0.003,-0.019
15910,0.08,-0.001,0.004
15920,0.09,-0.012,0.011
15930,0.065,-0.022,0.012
15940,0.081,-0.015,0
15950,0.075,-0.005,0.032
15960,0.114,-0.012,0.013
15970,0.083,-0.022,0.019
15980,0.08,-0.007,0.023
15990,0.069,0.019,0.013
16000,0.103,-0.003,0.011
16010,0.06,0,0.016
16020,0.059,0.003,0.013
16030,0.112,-0.006,0.012
16040,0.098,0.009,-0.009
16050,0.063,-0.019,-0.006
16060,0.09,0.006,-0.017
16070,0.091,0.028,0.001
16080,0.067,-0.004,-0.023
16090,0.085,0.016,-0.02
16100,0.086,-0.015,0.042
16110,0.081,-0.021,0.018
16120,0.085,0.005,0.07
16130,0.097,0.002,0.018
16140,0.079,0.003,0.012
16150,0.045,-0.003,0.008
16160,0.087,-0.012,-0.019
16170,0.099,-0.003,0.016
16180,0.059,-0.01,-0.005
16190,0.081,0.018,0.001
16200,0.097,0.007,0.036
16210,0.075,-0.027,0.007
16220,0.099,-0.016,0.002
16230,0.11,-0.003,0.012
16240,0.093,-0.015,0.006
16250,0.063,-0.016,0.006
16260,0.108,-0.017,0.012
16270,0.094,0.012,0.011
16280,0.086,-0.005,0.018
16290,0.081,-0.005,0.013
16300,0.112,0.02,0.025
16310,0.081,0.001,0.025
16320,0.114,-0.027,0.013
16330,0.104,0.014,0.004
16340,0.13,-0.023,0.019
16350,0.081,-0.019,0.008
16360,0.1,0.002,0.053
16370,0.055,-0.005,0.011
16380,0.071,0.01,-0.019
16390,0.104,0.008,-0.008
16400,0.083,0.008,-0.026
16410,0.086,-0.011,0.038
16420,0.071,-0.007,0.001
16430,0.085,0.003,0.002
16440,0.075,0.01,-0.032
16450,0.065,-0.031,-0.021
16460,0.105,-0.007,0.044
16470,0.072,0.015,0.014
16480,0.047,0.021,0.007
16490,0.074,0.013,0.04
16500,0.11,0.001,0.028
16510,0.081,-0.015,0.005
16520,0.086,0.007,0.059
16530,0.075,0.018,0.04
16540,0.063,-0.007,0.016
16550,0.065,0.015,0.016
16560,0.085,-0.016,0.025
16570,0.074,0.001,0.013
16580,0.072,-0.006,0.023
16590,0.094,-0.001,0.025
16600,0.066,-0.004,0.019
16610,0.071,-0.009,0.013
16620,0.086,-0.018,-0.021
16630,0.081,0.007,0.03
16640,0.106,0.009,-0.026
16650,0.069,0.01,0.03
16660,0.099,0.018,0.004
16670,0.075,-0.005,0.02
16680,0.097,0.003,0.05
16690,0.117,-0.005,0.017
16700,0.094,-0.022,0.011
16710,0.047,0,-0.026
16720,0.091,0.009,0.016
16730,0.079,-0.009,0.02
16740,0.054,-0.012,-0.008
16750,0.067,-0.016,0
16760,0.085,0.015,0.013
16770,0.061,-0.001,0.008
16780,0.057,0.012,0.008
16790,0.047,-0.011,0.023
16800,0.081,0.016,-0.002
16810,0.031,-0.005,0.02
16820,0.081,0,0.008
16830,0.097,0.013,-0.006
16840,0.087,0.013,0.016
16850,0.077,0.012,-0.002
16860,0.11,0.008,0.037
16870,0.081,0.005,-0.007
16880,0.072,0.014,0.004
16890,0.092,0.022,-0.02
16900,0.073,0.005,0.019
16910,0.044,-0.009,0.005
16920,0.057,-0.018,0.019
16930,0.087,-0.006,0.006
16940,0.078,-0.018,0.035
16950,0.079,-0.001,0.011
16960,0.109,-0.003,0.008
16970,0.091,0.002,-0.005
16980,0.071,-0.019,0.02
16990,0.077,0.005,0.028
17000,0.079,0.007,0.037
17010,0.068,0.028,0.017
17020,0.069,-0.012,0
17030,0.086,0.01,0.004
17040,0.086,-0.023,0.001
17050,0.079,-0.031,-0.002
17060,0.091,0.003,0.008
17070,0.077,-0.007,-0.008
17080,0.081,-0.005,-0.024
17090,0.062,0.001,-0.004
17100,0.079,0.009,0.017
17110,0.068,0.01,0.028
17120,0.079,0.01,-0.021
17130,0.093,0.01,0.035
17140,0.056,0.001,0.018
17150,0.077,0.006,-0.012
17160,0.083,-0.013,0.014
17170,0.121,0.005,-0.007
17180,0.065,0.008,-0.009
17190,0.074,-0.011,0.036
17200,0.039,0.006,-0.014
17210,0.075,-0.005,0.016
17220,0.11,0,0.019
17230,0.098,-0.001,0.008
17240,0.074,0.021,0.002
17250,0.062,-0.011,0.008
17260,0.105,0.005,0.01
17270,0.069,0.018,0.022
17280,0.08,0,-0.044
17290,0.061,0.012,0.002
17300,0.1,0,0.007
17310,0.074,0.016,-0.024
17320,0.108,0.032,0
17330,0.094,0.002,0.031
17340,0.056,0.028,-0.002
17350,0.065,-0.003,0.06
17360,0.102,-0.006,-0.02
17370,0.085,-0.007,-0.02
17380,0.085,0,0.023
17390,0.079,-0.009,0.049
17400,0.103,0.007,0.041
17410,0.086,0.002,0.025
17420,0.061,-0.01,0.068
17430,0.1,-0.019,0.044
17440,0.068,0.005,0.023
17450,0.078,0,0.011
17460,0.111,0.001,-0.024
17470,0.075,0.002,-0.007
17480,0.062,-0.01,-0.009
17490,0.106,0.021,-0.006
17500,0.096,0.003,-0.023
17510,0.077,-0.006,-0.009
17520,0.059,0.012,-0.038
17530,0.114,0.013,0.02
17540,0.071,0.006,0.011
17550,0.066,0,-0.006
17560,0.06,-0.013,-0.014
17570,0.102,0.003,0.012
17580,0.05,0.002,-0.004
17590,0.079,-0.013,0.022
17600,0.093,0,0
17610,0.071,0.014,-0.004
17620,0.069,-0.018,0.032
17630,0.086,-0.016,0.043
17640,0.087,-0.012,0.01
17650,0.072,-0.027,0.031
17660,0.106,-0.013,-0.005
17670,0.079,0.012,0.05
17680,0.084,-0.006,-0.006
17690,0.091,-0.025,0.012
17700,0.078,-0.018,0.042
17710,0.09,-0.007,0.028
17720,0.114,0,0.019
17730,0.094,0.014,-0.005
17740,0.097,0.003,-0.002
17750,0.077,-0.016,-0.008
17760,0.079,0,0.043
17770,0.075,-0.021,0.008
17780,0.071,-0.009,0.006
17790,0.077,0.006,0.01
17800,0.109,0.009,0.017
17810,0.083,-0.012,0.005
17820,0.092,-0.013,-0.004
17830,0.078,0.015,0.016
17840,0.063,-0.01,0.004
17850,0.073,0.019,0.029
17860,0.086,0.007,0.005
17870,0.055,0.009,0.038
17880,0.065,0.002,-0.017
17890,0.098,-0.011,-0.005
17900,0.083,-0.01,0.008
17910,0.048,-0.029,0.022
17920,0.074,0.01,0.007
17930,0.08,0.019,0.059
17940,0.097,0.002,0.042
17950,0.083,-0.011,0.022
17960,0.091,0.005,0.005
17970,0.098,0.027,0.018
17980,0.09,0.014,0.014
17990,0.057,-0.006,-0.015
18000,0.091,0.006,-0.019
18010,0.09,0.022,0.011
18020,0.089,0.044,-0.005
18030,0.099,0.002,0.001
18040,0.06,0.019,0.028
18050,0.084,0.001,0.025
18060,0.092,0.003,0.019
18070,0.075,-0.009,0.038
18080,0.11,0,0.002
18090,0.092,0.007,0.042
18100,0.084,0.014,0.053
18110,0.068,0.001,0.019
18120,0.084,-0.01,0.013
18130,0.096,0,0.02
18140,0.091,-0.016,0
18150,0.084,-0.007,0.011
18160,0.081,-0.001,-0.006
18170,0.074,0.006,0.024
18180,0.071,0.019,0.011
18190,0.078,0.016,0.026
18200,0.074,0.007,0.01
18210,0.08,0.018,0.004
18220,0.094,0.019,0.037
18230,0.075,0.022,0.032
18240,0.072,0.003,0.02
18250,0.083,-0.006,0.023
18260,0.067,-0.009,0.06
18270,0.06,-0.019,0.042
18280,0.071,-0.021,0.037
18290,0.099,0.001,-0.011
18300,0.1,0.003,0.052
18310,0.075,-0.021,0.004
18320,0.11,0.022,0.011
18330,0.09,0.033,0.037
18340,0.067,0,-0.001
18350,0.063,0.013,-0.006
18360,0.102,0.005,-0.029
18370,0.054,-0.018,0.046
18380,0.067,-0.025,-0.008
18390,0.092,-0.017,0.04
18400,0.116,-0.01,0
18410,0.068,-0.015,0.011
18420,0.094,0.006,0.029
18430,0.091,-0.013,0.034
18440,0.073,0.006,-0.001
18450,0.068,-0.028,0.059
18460,0.105,0.003,0
18470,0.074,-0.011,0.02
18480,0.069,0.002,0.013
18490,0.078,0.005,-0.005
18500,0.071,-0.012,0.037
18510,0.06,-0.005,0.008
18520,0.1,0.003,0.022
18530,0.078,0.005,-0.024
18540,0.057,-0.007,0.046
18550,0.097,-0.005,-0.007
18560,0.103,0.009,0.02
18570,0.073,0.018,0.042
18580,0.086,0.003,0.001
18590,0.063,0.032,0.029
18600,0.098,0.013,-0.005
18610,0.067,-0.01,-0.036
18620,0.098,-0.007,-0.017
18630,0.079,0.01,-0.008
18640,0.092,0.013,-0.017
18650,0.105,-0.001,0.059
18660,0.077,-0.007,0.068
18670,0.053,-0.01,0.007
18680,0.072,-0.021,0.001
18690,0.108,-0.003,0.004
18700,0.074,0.003,0.011
18710,0.063,-0.001,0.001
18720,0.081,0.016,0.002
18730,0.061,-0.004,-0.012
18740,0.069,0.009,0.026
18750,0.087,0.013,0.055
18760,0.06,-0.001,0.035
18770,0.085,0.01,0.022
18780,0.073,-0.007,0.036
18790,0.074,-0.003,0.036
18800,0.121,0.021,0.031
18810,0.075,0.005,0.006
18820,0.087,-0.007,-0.008
18830,0.086,-0.025,0.026
18840,0.059,-0.006,0.024
18850,0.087,0.008,0.048
18860,0.094,-0.011,0.014
18870,0.068,0.022,-0.019
18880,0.085,-0.003,0.024
18890,0.081,0.014,0.055
18900,0.053,0,0.03
18910,0.084,0,0.025
18920,0.093,0,-0.012
18930,0.091,0.006,0.006
18940,0.073,0.034,0.067
18950,0.074,-0.005,0.014
18960,0.094,0.001,0.011
18970,0.073,-0.017,0.002
18980,0.104,0.024,0.001
18990,0.085,0.014,-0.001
19000,0.061,-0.013,0.036
19010,0.077,-0.001,0.013
19020,0.099,-0.017,-0.012
19030,0.097,-0.018,-0.006
19040,0.056,-0.005,0.008
19050,0.09,-0.011,0.008
19060,0.112,-0.031,0.017
19070,0.081,-0.01,-0.011
19080,0.099,0.013,-0.008
19090,0.093,0.013,-0.023
19100,0.081,-0.007,-0.042
19110,0.085,0.013,0.031
19120,0.093,-0.012,0.059
19130,0.085,-0.007,0.056
19140,0.073,0.005,0.028
19150,0.084,0.001,0.016
19160,0.068,0,0.03
19170,0.079,-0.021,0.034
19180,0.087,-0.004,-0.014
19190,0.068,-0.005,0.025
19200,0.055,0.018,-0.008
19210,0.078,0.007,0.017
19220,0.071,0.002,0.038
19230,0.084,0.006,0
19240,0.067,-0.006,-0.019
19250,0.115,-0.023,0.042
19260,0.071,-0.017,0.037
19270,0.053,-0.013,-0.002
19280,0.068,0,0.01
19290,0.072,-0.025,-0.025
19300,0.081,0.003,0.035
19310,0.071,-0.027,0.024
19320,0.079,-0.027,-0.005
19330,0.063,0.009,0.014
19340,0.072,-0.019,0.059
19350,0.091,0.005,-0.053
19360,0.084,0.012,0.019
19370,0.067,0.005,-0.014
19380,0.085,0.021,0.014
19390,0.086,-0.01,0.032
19400,0.075,-0.01,0
19410,0.089,-0.021,0.019
19420,0.11,0.014,-0.013
19430,0.087,-0.007,0.012
19440,0.114,0.015,0.016
19450,0.099,0.015,0.025
19460,0.083,-0.007,0.05
19470,0.059,-0.007,0.019
19480,0.078,-0.001,0.02
19490,0.097,0.01,0.034
19500,0.074,0.007,-0.017
19510,0.063,-0.016,0.001
19520,0.106,0.002,0.022
19530,0.096,-0.016,0.019
19540,0.078,-0.027,0.023
19550,0.103,0.026,-0.007
19560,0.078,0.032,0.005
19570,0.09,0.024,-0.008
19580,0.099,-0.006,-0.002
19590,0.087,0.015,0.036
19600,0.069,0,-0.021
19610,0.071,-0.01,0.014
19620,0.094,-0.009,0.004
19630,0.115,0.024,0.023
19640,0.084,0.007,0.022
19650,0.104,-0.006,-0.014
19660,0.089,-0.004,0.038
19670,0.048,-0.004,-0.017
19680,0.091,-0.012,0.008
19690,0.08,-0.018,0.013
19700,0.072,-0.006,-0.002
19710,0.075,-0.011,-0.007
19720,0.067,-0.021,0.012
19730,0.09,-0.013,0.005
19740,0.078,-0.009,0.007
19750,0.072,0.006,0.037
19760,0.1,-0.012,0.055
19770,0.067,-0.025,0.03
19780,0.063,0.006,0.035
19790,0.117,-0.005,0.03
19800,0.09,-0.01,0.024
19810,0.063,-0.015,0.038
19820,0.081,-0.016,-0.005
19830,0.03,-0.009,0.046
19840,0.089,-0.007,-0.007
19850,0.09,0.002,0.004
19860,0.093,0.018,-0.013
19870,0.068,-0.011,-0.009
19880,0.098,0.015,0.036
19890,0.086,-0.006,0.044
19900,0.08,-0.015,0.022
19910,0.075,0.015,0.037
19920,0.106,0.012,0.002
19930,0.059,0.003,0.041
19940,0.092,0.002,0.006
19950,0.091,0,0.01
19960,0.092,0.001,0.004
19970,0.071,0.016,0.018
19980,0.092,-0.016,-0.004
19990,0.067,0.012,0.024
20000,0.075,-0.001,0.002
20010,0.093,0.024,0.01
20020,0.075,0.015,0.055
20030,0.079,-0.015,0.012
20040,0.061,-0.03,0.022
20050,0.086,-0.003,0.004
20060,0.08,0.019,0
20070,0.087,-0.027,-0.03
20080,0.098,-0.012,0.001
20090,0.078,0.012,-0.019
20100,0.044,-0.019,0.002
20110,0.098,-0.029,0.011
20120,0.103,-0.001,-0.021
20130,0.067,-0.017,0.036
20140,0.078,0.007,-0.025
20150,0.083,0.025,0.004
20160,0.078,-0.021,0.022
20170,0.079,0.015,0.013
20180,0.132,0.015,-0.013
20190,0.091,0.015,0.062
20200,0.053,0.006,0.04
20210,0.116,0.019,0.049
20220,0.104,0.009,0.02
20230,0.085,0,0
20240,0.086,0.006,0.036
20250,0.109,0.027,-0.007
20260,0.1,0.008,-0.011
20270,0.069,0.012,0.023
20280,0.099,0.01,0.024
20290,0.059,-0.006,0.013
20300,0.055,0.009,0.025
20310,0.085,-0.011,0.002
20320,0.102,-0.016,-0.007
20330,0.06,-0.003,-0.014
20340,0.067,0.007,0.012
20350,0.105,-0.003,0.028
20360,0.106,-0.025,0.031
20370,0.093,-0.013,0.035
20380,0.084,-0.004,0.008
20390,0.099,-0.012,0.037
20400,0.093,-0.017,0.053
20410,0.093,-0.005,-0.002
20420,0.063,0,0.022
20430,0.075,-0.017,0.035
20440,0.093,-0.011,0.002
20450,0.074,0.003,0.006
20460,0.053,0.006,-0.023
20470,0.075,0.006,0.023
20480,0.078,0.01,0.014
20490,0.077,-0.013,0.035
20500,0.051,-0.016,0.008
20510,0.085,0,0.01
20520,0.077,0.009,-0.009
20530,0.048,0.003,-0.014
20540,0.08,-0.006,0.056
20550,0.111,0.016,0.025
20560,0.057,-0.018,0.067
20570,0.066,0.003,0.004
20580,0.104,-0.007,0.005
20590,0.054,-0.003,0.018
20600,0.051,-0.005,0.012
20610,0.099,0,-0.018
20620,0.077,-0.001,0.013
20630,0.093,0,0.008
20640,0.122,-0.013,0.028
20650,0.124,0.016,0.023
20660,0.078,0.001,-0.009
20670,0.079,-0.003,0.018
20680,0.111,-0.004,0.01
20690,0.061,0.001,-0.014
20700,0.077,0.007,-0.026
20710,0.093,-0.009,0.016
20720,0.077,0.012,-0.018
20730,0.049,0,0.001
20740,0.075,0.018,0
20750,0.09,-0.004,0.011
20760,0.083,-0.023,0.018
20770,0.062,-0.025,0.007
20780,0.066,-0.005,0.006
20790,0.071,0,0.053
20800,0.075,0.008,-0.001
20810,0.072,0.001,0.001
20820,0.115,-0.01,0.077
20830,0.075,-0.005,0.041
20840,0.092,0.002,0.006
20850,0.091,0.02,0.026
20860,0.077,-0.031,0.049
20870,0.072,-0.003,0.035
20880,0.081,0.003,-0.004
20890,0.073,-0.011,0.017
20900,0.059,0.008,0.007
20910,0.073,0.002,0.02
20920,0.089,-0.024,0.017
20930,0.077,-0.024,0.035
20940,0.08,-0.024,-0.019
20950,0.114,0.006,-0.011
20960,0.056,0.002,0.019
20970,0.081,-0.019,-0.012
20980,0.1,0.025,-0.001
20990,0.08,-0.015,0.001
21000,0.069,-0.003,0.024
21010,0.092,-0.005,0.023
21020,0.085,0.01,0.026
21030,0.072,0.01,-0.035
21040,0.087,0.002,0.014
21050,0.077,0.006,-0.013
21060,0.075,0.013,-0.014
21070,0.083,-0.003,0.005
21080,0.056,-0.003,0
21090,0.098,-0.029,0.042
21100,0.059,-0.005,-0.005
21110,0.081,0.005,-0.004
21120,0.093,0.01,-0.021
21130,0.073,-0.004,0.03
21140,0.062,0.001,0.026
21150,0.09,0.007,0.03
21160,0.089,0.013,-0.007
21170,0.079,-0.01,0.016
21180,0.08,0.003,0.022
21190,0.068,-0.01,0.011
21200,0.089,-0.005,0.026
21210,0.097,0.006,0.03
21220,0.086,0.007,0.03
21230,0.049,-0.011,-0.004
21240,0.067,0.001,-0.012
21250,0.096,0.007,0.022
21260,0.065,-0.006,-0.005
21270,0.094,0.003,0.007
21280,0.106,0.008,0.004
21290,0.068,0.003,0.004
21300,0.078,-0.005,0.002
21310,0.094,-0.01,0.02
21320,0.097,0.012,0.007
21330,0.057,-0.006,0.067
21340,0.067,-0.007,0.05
21350,0.135,-0.019,0.041
21360,0.069,0.013,-0.017
21370,0.075,0,0.017
21380,0.109,0.008,0.04
21390,0.093,0.016,0.026
21400,0.056,-0.019,0.012
21410,0.068,0.02,0.04
21420,0.079,0.001,0.004
21430,0.077,-0.006,0.012
21440,0.067,0.013,0.023
21450,0.108,0.027,0.06
21460,0.053,0.016,0.022
21470,0.051,0.005,0.007
21480,0.089,0.015,-0.02
21490,0.067,-0.015,0.037
21500,0.09,0,0.035
21510,0.098,-0.001,0.022
21520,0.083,-0.021,0.028
21530,0.075,-0.01,-0.001
21540,0.065,-0.007,0.031
21550,0.109,0.008,0.041
21560,0.09,0.02,0.073
21570,0.075,-0.013,0.017
21580,0.094,0.005,0.022
21590,0.039,-0.027,0.016
21600,0.045,0.003,0.046
21610,0.093,-0.01,-0.03
21620,0.08,0.016,0.012
21630,0.093,-0.003,-0.027
21640,0.092,0,0.024
21650,0.084,0.016,0.046
21660,0.08,-0.019,0.054
21670,0.083,-0.011,0.026
21680,0.077,0.013,0.016
21690,0.09,0.012,0.032
21700,0.069,0.014,0.01
21710,0.081,0,-0.005
21720,0.108,0.009,-0.013
21730,0.071,-0.033,-0.021
21740,0.075,0.01,0.044
21750,0.074,0.013,-0.013
21760,0.073,-0.013,-0.021
21770,0.104,0.022,0.019
21780,0.104,0.013,0.035
21790,0.08,0.008,0.035
21800,0.069,-0.022,0.008
21810,0.079,0.002,-0.018
21820,0.084,-0.004,0.016
21830,0.06,-0.01,0.042
21840,0.115,-0.007,0.062
21850,0.087,0.005,0.038
21860,0.069,0.007,0.018
21870,0.069,0.001,0.04
21880,0.093,-0.018,0.047
21890,0.09,-0.01,0
21900,0.069,-0.005,0.049
21910,0.103,-0.006,0.035
21920,0.093,0.019,0.018
21930,0.066,-0.029,0.025
21940,0.069,0.003,0.02
21950,0.106,0.007,0.016
21960,0.06,-0.013,-0.021
21970,0.072,0.007,0.032
21980,0.105,0.006,0.024
21990,0.073,0.006,0.002
22000,0.069,0.016,-0.02
22010,0.051,0.002,0.011
22020,0.078,0.013,0.001
22030,0.057,0.021,0.001
22040,0.103,0.001,0.004
22050,0.083,0.033,-0.023
22060,0.072,-0.007,0.013
22070,0.049,0.008,0.025
22080,0.079,-0.003,0.017
22090,0.06,0.015,0.037
22100,0.03,-0.007,0.004
22110,0.054,-0.004,0.023
22120,0.084,0.016,0.056
22130,0.072,0.007,0.03
22140,0.104,0.005,0.032
22150,0.08,-0.016,0.011
22160,0.072,-0.017,0.008
22170,0.081,-0.009,0.035
22180,0.072,0.006,-0.018
22190,0.075,0.016,0.029
22200,0.075,-0.021,-0.004
22210,0.108,-0.013,0.016
22220,0.066,-0.016,0.02
22230,0.09,-0.011,-0.015
22240,0.087,-0.013,-0.011
22250,0.089,0.001,0.023
22260,0.038,0.015,0.02
22270,0.083,0.009,0.011
22280,0.079,-0.006,0.012
22290,0.062,-0.012,0.012
22300,0.067,0.008,-0.025
22310,0.098,-0.003,0.03
22320,0.099,-0.012,0.01
22330,0.054,0,0.028
22340,0.098,0.015,0.035
22350,0.071,-0.009,0.024
22360,0.085,0.02,0.025
22370,0.066,0.003,0.012
22380,0.054,-0.017,-0.015
22390,0.055,0.014,0.013
22400,0.048,-0.007,-0.015
22410,0.077,0.02,-0.007
22420,0.069,-0.011,0.04
22430,0.077,-0.025,0.025
22440,0.065,-0.005,-0.004
22450,0.117,0.005,-0.004
22460,0.066,-0.018,0.007
22470,0.043,0.021,0.01
22480,0.091,-0.009,-0.001
22490,0.073,-0.033,0.018
22500,0.092,0.008,0.001
22510,0.09,-0.006,-0.008
22520,0.071,-0.017,0.018
22530,0.1,-0.01,0.016
22540,0.104,0.013,0.007
22550,0.105,-0.017,0.01
22560,0.104,-0.005,0.031
22570,0.066,0.027,0.041
22580,0.055,0.018,0.029
22590,0.109,0.001,0
22600,0.056,-0.007,0.017
22610,0.096,-0.031,0.022
22620,0.056,0.042,0.059
22630,0.065,-0.011,0.04
22640,0.079,0.01,0.029
22650,0.112,0.034,0.055
22660,0.045,0.009,0.04
22670,0.069,-0.004,-0.006
22680,0.109,-0.003,-0.002
22690,0.112,0.01,0.026
22700,0.087,0.006,0.035
22710,0.092,0.013,0.014
22720,0.086,-0.006,-0.012
22730,0.066,0.008,0.005
22740,0.077,0.025,0.006
22750,0.104,0.013,-0.008
22760,0.067,0.009,-0.024
22770,0.109,-0.01,0.007
22780,0.089,-0.004,0.018
22790,0.083,-0.013,0.03
22800,0.103,0.009,0.034
22810,0.092,0.012,0.004
22820,0.09,0.012,-0.011
22830,0.079,-0.009,0.005
22840,0.068,-0.011,0.018
22850,0.085,0.012,0.012
22860,0.061,0.015,0.028
22870,0.087,0.01,0.022
22880,0.083,0.021,0.016
22890,0.102,0.028,0.036
22900,0.049,0.01,0
22910,0.09,-0.011,0.019
22920,0.072,0.006,-0.013
22930,0.073,0.015,0.07
22940,0.094,-0.01,-0.002
22950,0.097,0.01,0.041
22960,0.074,-0.006,0.022
22970,0.083,0.009,0.042
22980,0.069,0.008,0.013
22990,0.066,-0.01,0.014
23000,0.057,-0.009,0.03
23010,0.073,0.005,0.028
23020,0.078,0.015,0.016
23030,0.083,-0.011,-0.002
23040,0.067,0.002,0.001
23050,0.075,-0.001,0.035
23060,0.057,-0.011,0.043
23070,0.06,-0.022,0.008
23080,0.098,-0.001,0.01
23090,0.102,-0.021,0.059
23100,0.078,-0.015,0.022
23110,0.096,-0.015,0.024
23120,0.079,0.007,-0.013
23130,0.066,-0.005,-0.005
23140,0.073,0.01,-0.002
23150,0.1,-0.013,0.036
23160,0.053,0.01,0.018
23170,0.084,-0.011,-0.012
23180,0.073,0.016,0.004
23190,0.067,0.007,0.001
23200,0.073,-0.035,0.042
23210,0.073,0.016,0.006
23220,0.099,0.003,0.047
23230,0.071,0.022,0.029
23240,0.083,-0.012,0.016
23250,0.093,0.013,-0.012
23260,0.075,-0.005,0.007
23270,0.061,0.006,0.016
23280,0.097,0.006,0.026
23290,0.049,0.008,0.001
23300,0.096,0,-0.027
23310,0.126,-0.004,-0.001
23320,0.096,0.003,0.044
23330,0.06,0.03,0.062
23340,0.08,0.002,-0.025
23350,0.12,0.002,0.056
23360,0.037,-0.006,0.017
23370,0.074,-0.007,0.013
23380,0.074,-0.007,0.014
23390,0.06,0.002,0.025
23400,0.073,-0.018,-0.005
23410,0.092,0.013,0.073
23420,0.077,0.009,0.036
23430,0.069,-0.005,0.008
23440,0.104,-0.015,-0.001
23450,0.116,0.012,0.017
23460,0.057,-0.017,0.008
23470,0.077,0.013,-0.007
23480,0.081,-0.021,0.025
23490,0.072,-0.021,0.028
23500,0.089,0.005,0.008
23510,0.074,-0.001,0.013
23520,0.081,0.015,0.011
23530,0.069,0.01,0.023
23540,0.108,-0.01,0.01
23550,0.081,0.026,0.02
23560,0.078,-0.003,0.007
23570,0.092,-0.001,-0.014
23580,0.086,0.01,-0.023
23590,0.065,-0.025,0.031
23600,0.085,-0.017,0.018
23610,0.069,0.01,-0.002
23620,0.071,0.003,-0.021
23630,0.067,-0.009,-0.002
23640,0.072,0.006,0.047
23650,0.111,-0.007,0.016
23660,0.047,-0.005,0.004
23670,0.072,0.007,0.012
23680,0.085,0.009,-0.026
23690,0.047,-0.011,0.071
23700,0.077,-0.006,-0.001
23710,0.085,-0.011,0.02
23720,0.065,-0.016,-0.025
23730,0.067,0.002,0.034
23740,0.116,0.006,0.008
23750,0.084,0.013,0.002
23760,0.065,0.008,0.04
23770,0.069,0.003,-0.015
23780,0.08,0.03,-0.015
23790,0.066,-0.011,0.023
23800,0.065,-0.019,0.026
23810,0.087,-0.012,-0.012
23820,0.074,0.003,0.041
23830,0.073,-0.011,-0.011
23840,0.081,-0.009,0.023
23850,0.075,0.012,0.007
23860,0.075,-0.009,0.041
23870,0.1,0.012,0.054
23880,0.075,0.018,-0.002
23890,0.066,-0.022,-0.004
23900,0.073,-0.01,0.05
23910,0.118,-0.01,0.07
23920,0.09,-0.003,0.006
23930,0.06,0.005,0.002
23940,0.086,0.016,0.025
23950,0.093,-0.01,0.011
23960,0.056,0.006,-0.004
23970,0.11,-0.003,0.029
23980,0.092,-0.006,0.025
23990,0.055,0.012,0.034
24000,0.098,0.008,0.012
24010,0.098,-0.011,0.024
24020,0.092,0.02,0.034
24030,0.073,-0.009,0.013
24040,0.079,-0.004,0.005
24050,0.081,-0.023,0.006
24060,0.057,0.002,-0.021
24070,0.099,0.008,0.026
24080,0.087,-0.005,0.011
24090,0.067,0.003,0.029
24100,0.089,0.001,0.005
24110,0.078,0.021,0.012
24120,0.065,0.015,0.01
24130,0.067,0.013,0.038
24140,0.08,0.003,0.047
24150,0.087,-0.017,-0.015
24160,0.074,-0.015,0.017
24170,0.077,-0.012,0.014
24180,0.087,0.006,-0.008
24190,0.069,0,0.006
24200,0.084,0.025,0.001
24210,0.105,0.006,0.044
24220,0.104,0.014,0.008
24230,0.055,0.024,-0.024
24240,0.081,0.008,0.043
24250,0.092,0.007,0.007
24260,0.083,-0.009,0.02
24270,0.072,-0.004,0.071
24280,0.092,-0.006,0.006
24290,0.063,0.005,0.02
24300,0.071,-0.01,-0.031
24310,0.071,0.003,0.02
24320,0.063,0.013,0.022
24330,0.068,-0.01,0.056
24340,0.087,-0.009,-0.014
24350,0.074,-0.009,-0.006
24360,0.072,0.01,0.017
24370,0.09,0.007,0.05
24380,0.093,0.009,0.018
24390,0.073,-0.016,0.004
24400,0.089,-0.005,0.019
24410,0.093,-0.003,0.02
24420,0.073,-0.005,0.022
24430,0.104,0.009,0.024
24440,0.105,0.001,0.001
24450,0.081,-0.009,0.008
24460,0.081,0.007,0.029
24470,0.067,0.006,0.037
24480,0.074,-0.011,0.02
24490,0.104,-0.018,0.001
24500,0.084,0.007,0.023
24510,0.077,0.014,0.05
24520,0.065,0.014,0.059
24530,0.061,-0.018,-0.032
24540,0.099,-0.009,-0.019
24550,0.079,-0.003,-0.021
24560,0.035,0.027,0.017
24570,0.075,0.01,-0.008
24580,0.09,-0.003,0.016
24590,0.051,0.013,0.012
24600,0.067,0.001,0.022
24610,0.102,0.014,0.014
24620,0.067,0.008,0.022
24630,0.069,0.002,0.004
24640,0.078,-0.001,0.008
24650,0.056,-0.005,0.047
24660,0.078,-0.004,0.006
24670,0.089,0,0.017
24680,0.065,0.006,0.005
24690,0.089,-0.019,0.03
24700,0.071,-0.007,0.028
24710,0.093,0.01,0.058
24720,0.094,0.013,0.047
24730,0.089,0,0.022
24740,0.09,0.006,0.008
24750,0.065,0.005,0.035
24760,0.091,0.008,0.056
24770,0.112,0,0.07
24780,0.057,0.016,0.02
24790,0.071,0.012,0.011
24800,0.069,0.022,0.011
24810,0.096,0.024,0.047
24820,0.085,0.022,0.03
24830,0.066,0,0.046
24840,0.096,0.005,0.002
24850,0.083,-0.004,0.022
24860,0.05,0.003,0.034
24870,0.097,-0.01,0.03
24880,0.075,0.019,0.037
24890,0.057,-0.009,0.026
24900,0.073,-0.01,0.026
24910,0.079,0.024,0.043
24920,0.087,0.001,-0.013
24930,0.079,0.003,0.017
24940,0.102,0.005,0.005
24950,0.085,0.001,0.007
24960,0.091,-0.01,0.004
24970,0.085,-0.003,0.018
24980,0.092,0.009,0.007
24990,0.071,0.006,0.031
25000,0.077,-0.001,0.016
25010,0.103,-0.025,-0.033
25020,0.049,-0.011,0.005
25030,0.093,0.009,-0.011
25040,0.103,-0.009,0
25050,0.067,0.006,0.054
25060,0.093,-0.006,-0.008
25070,0.087,0.012,-0.015
25080,0.091,-0.017,-0.001
25090,0.053,0.005,0.002
25100,0.087,0,0.023
25110,0.097,0.006,0.004
25120,0.065,-0.007,0.03
25130,0.073,0.022,0.022
25140,0.115,0.003,-0.013
25150,0.087,-0.013,0.016
25160,0.042,-0.015,0.024
25170,0.099,0.01,0.001
25180,0.079,0.01,0.011
25190,0.103,0.009,0.01
25200,0.092,0.024,0.031
25210,0.106,-0.005,0.018
25220,0.059,-0.006,-0.02
25230,0.06,0.009,-0.019
25240,0.094,0.008,0.016
25250,0.081,-0.005,0.032
25260,0.075,-0.01,0.028
25270,0.08,0.005,0.04
25280,0.067,0.009,0.07
25290,0.05,-0.018,0.016
25300,0.103,0.009,-0.036
25310,0.081,-0.001,0.014
25320,0.083,-0.034,-0.02
25330,0.09,0.013,0.042
25340,0.118,-0.006,0.035
25350,0.083,0.001,0.01
25360,0.069,-0.009,0.018
25370,0.085,0.022,-0.02
25380,0.075,-0.01,0.019
25390,0.075,-0.01,0.013
25400,0.059,0.028,0.022
25410,0.081,0.005,0.047
25420,0.071,0.003,-0.002
25430,0.094,-0.019,0.047
25440,0.117,-0.018,0.024
25450,0.074,-0.01,0.034
25460,0.106,0.001,0.023
25470,0.094,-0.007,-0.001
25480,0.075,0.02,-0.002
25490,0.062,0.005,0.058
25500,0.071,-0.004,0.013
25510,0.129,-0.01,0.04
25520,0.083,-0.009,0.025
25530,0.089,-0.015,-0.018
25540,0.105,-0.009,0.081
25550,0.068,-0.007,0.036
25560,0.062,-0.016,0.035
25570,0.077,-0.005,0.026
25580,0.073,0.022,-0.001
25590,0.053,-0.009,0
25600,0.11,0.018,0.022
25610,0.094,0.026,0.046
25620,0.055,0.008,-0.008
25630,0.077,0.001,-0.018
25640,0.072,0.025,-0.012
25650,0.067,-0.013,-0.002
25660,0.066,-0.016,0.004
25670,0.121,-0.006,0.02
25680,0.087,0.009,0.008
25690,0.072,-0.011,0.03
25700,0.094,0.015,0.008
25710,0.078,-0.005,0.005
25720,0.056,-0.007,0.006
25730,0.081,-0.009,0.004
25740,0.086,-0.003,0.002
25750,0.075,-0.018,0.017
25760,0.094,-0.015,-0.017
25770,0.069,0.016,0.008
25780,0.102,-0.019,0.056
25790,0.062,-0.006,-0.008
25800,0.081,0.001,0.053
25810,0.116,0.033,0.026
25820,0.077,0.016,0.028
25830,0.086,-0.011,0.004
25840,0.093,0.008,-0.007
25850,0.06,0.005,0.019
25860,0.065,-0.015,0.034
25870,0.086,0.005,0.02
25880,0.084,0.009,0.025
25890,0.085,-0.016,-0.005
25900,0.078,-0.029,0.04
25910,0.073,-0.006,0.035
25920,0.073,-0.019,-0.005
25930,0.079,0.019,0.037
25940,0.069,0.007,-0.02
25950,0.066,-0.005,0.019
25960,0.06,0.018,0.036
25970,0.068,0.019,0
25980,0.072,0,0.024
25990,0.062,0.019,0.014
26000,0.097,-0.012,0.02
26010,0.11,0.016,0.032
26020,0.086,-0.004,0.002
26030,0.087,-0.015,0.006
26040,0.094,0.016,0.008
26050,0.089,0.003,0.036
26060,0.057,0.013,0.024
26070,0.086,-0.017,0.04
26080,0.075,0.03,0.053
26090,0.038,0.022,0.036
26100,0.081,-0.01,0.024
26110,0.066,-0.024,-0.023
26120,0.089,0.014,-0.013
26130,0.094,0.003,-0.004
26140,0.079,0.02,0.038
26150,0.09,-0.005,-0.018
26160,0.068,-0.025,-0.018
26170,0.073,0.007,0.019
26180,0.079,0.012,-0.019
26190,0.043,0.01,0.035
26200,0.079,-0.029,0
26210,0.08,0.005,0.029
26220,0.086,-0.028,0.025
26230,0.105,-0.01,0.018
26240,0.089,-0.029,0.006
26250,0.079,-0.018,0.001
26260,0.066,0.037,0.002
26270,0.1,0.01,0.036
26280,0.086,-0.004,0.018
26290,0.055,-0.015,0.029
26300,0.116,-0.001,0.035
26310,0.068,-0.012,0.029
26320,0.065,-0.006,-0.006
26330,0.097,0.008,0.04
26340,0.092,0.01,0.043
26350,0.077,0.009,0.022
26360,0.073,-0.005,0.012
26370,0.109,-0.011,0.001
26380,0.092,0.025,0.01
26390,0.066,-0.01,0.034
26400,0.092,-0.005,-0.018
26410,0.094,0.013,-0.024
26420,0.066,0.009,-0.012
26430,0.071,-0.005,0.011
26440,0.112,0.007,-0.018
26450,0.048,0.018,0.03
26460,0.085,0.005,0.011
26470,0.069,-0.015,0.012
26480,0.065,0.013,-0.012
26490,0.043,0.014,0.028
26500,0.078,-0.005,0.025
26510,0.087,-0.005,0.053
26520,0.073,-0.036,0.025
26530,0.053,0.006,0.035
26540,0.075,0.026,0.053
26550,0.086,-0.023,0.019
26560,0.06,-0.006,-0.001
26570,0.063,-0.018,0.026
26580,0.073,0.001,-0.035
26590,0.066,0.013,-0.009
26600,0.097,0.002,0.056
26610,0.117,0.014,0.001
26620,0.071,0.001,0.004
26630,0.08,0.01,0.035
26640,0.091,-0.024,0.004
26650,0.079,0.015,0.017
26660,0.077,-0.007,-0.017
26670,0.072,0.006,-0.024
26680,0.077,0.002,0.011
26690,0.055,-0.023,0.032
26700,0.086,-0.009,0.028
26710,0.074,0.013,-0.008
26720,0.077,-0.016,-0.013
26730,0.09,0.003,0.024
26740,0.12,0.007,0.024
26750,0.083,0.021,0.043
26760,0.067,0.016,0.043
26770,0.091,-0.007,-0.006
26780,0.084,-0.015,0.006
26790,0.097,0.008,0.006
26800,0.08,0.024,0
26810,0.08,-0.001,0.017
26820,0.083,-0.024,0.007
26830,0.089,0.03,0.066
26840,0.083,-0.017,0.023
26850,0.039,-0.001,0.022
26860,0.078,-0.019,0
26870,0.09,0.001,0.007
26880,0.061,0.003,-0.026
26890,0.067,0.013,0.007
26900,0.068,0.022,0.019
26910,0.065,0.001,0
26920,0.075,-0.009,-0.004
26930,0.079,-0.004,0.031
26940,0.087,-0.022,0.01
26950,0.081,-0.007,-0.018
26960,0.089,0.016,0.005
26970,0.069,0.013,0.054
26980,0.061,0.003,0.047
26990,0.087,0.003,0.026
27000,0.105,0.015,-0.015
27010,0.075,0.007,0.031
27020,0.083,-0.004,0.044
27030,0.098,0.006,0.016
27040,0.086,-0.005,0
27050,0.065,-0.003,-0.007
27060,0.085,0.027,-0.008
27070,0.075,0.022,0.028
27080,0.062,-0.009,-0.013
27090,0.08,-0.033,0.034
27100,0.094,0,-0.004
27110,0.097,0.016,0.031
27120,0.074,0.033,0.028
27130,0.093,-0.018,0.013
27140,0.098,0.005,0
27150,0.056,0.005,0.001
27160,0.084,-0.01,0.012
27170,0.094,-0.006,0
27180,0.091,-0.013,0.007
27190,0.06,-0.025,0.013
27200,0.085,0.027,0.008
27210,0.059,0.014,-0.015
27220,0.074,-0.011,0.038
27230,0.091,-0.006,0.061
27240,0.091,0.007,0.037
27250,0.071,-0.009,0.023
27260,0.086,0.03,0.031
27270,0.109,0.03,0.018
27280,0.037,0.002,0.029
27290,0.09,0.02,0.001
27300,0.1,0.005,-0.012
27310,0.084,0.009,0.028
27320,0.054,-0.001,0.031
27330,0.079,-0.023,0.053
27340,0.083,0.013,0.023
27350,0.042,0.003,0.013
27360,0.086,-0.007,-0.02
27370,0.098,0.001,0.019
27380,0.083,0.002,0.006
27390,0.1,-0.004,0.029
27400,0.104,0.019,0.004
27410,0.078,0,0.005
27420,0.065,0,0.028
27430,0.089,-0.019,0.018
27440,0.094,0.025,0.004
27450,0.087,0.007,0.034
27460,0.074,-0.011,0.04
27470,0.093,-0.01,-0.004
27480,0.099,0.001,0.06
27490,0.097,-0.019,-0.007
27500,0.1,-0.011,-0.015
27510,0.081,0.003,0.01
27520,0.08,0.007,0.024
27530,0.1,0.026,0
27540,0.083,0.024,0.004
27550,0.091,0.016,0.048
27560,0.111,-0.001,0.012
27570,0.089,0.008,-0.008
27580,0.069,-0.01,0.005
27590,0.073,-0.003,0.036
27600,0.102,0.002,0.018
27610,0.077,-0.005,0.034
27620,0.073,-0.01,0.02
27630,0.079,-0.001,0.044
27640,0.08,-0.003,0.036
27650,0.084,-0.028,0.034
27660,0.087,0.031,-0.013
27670,0.093,0.002,0.065
27680,0.054,0.009,0.038
27690,0.086,-0.017,0.016
27700,0.103,0.002,-0.012
27710,0.089,0.007,0.019
27720,0.078,-0.009,0.036
27730,0.092,0.013,0.029
27740,0.067,0.014,-0.031
27750,0.061,-0.011,0.025
27760,0.08,0.012,0.01
27770,0.09,-0.003,0.031
27780,0.081,0.01,0.011
27790,0.047,-0.003,0.034
27800,0.094,0.006,0.052
27810,0.059,0.012,-0.011
27820,0.08,-0.009,-0.015
27830,0.092,0.018,-0.006
27840,0.066,0.015,0.006
27850,0.065,0.018,0.011
27860,0.049,-0.005,0.025
27870,0.08,0.01,0.007
27880,0.077,0.005,0.01
27890,0.087,0.008,0.01
27900,0.114,0.013,0.013
27910,0.075,0.001,0.029
27920,0.063,-0.01,-0.026
27930,0.1,0.007,0.035
27940,0.079,-0.004,0.008
27950,0.08,-0.018,0.006
27960,0.073,-0.017,0
27970,0.092,0.018,0.005
27980,0.061,0.02,-0.005
27990,0.075,0,-0.018
28000,0.111,0.02,0.016
28010,0.047,0.009,-0.042
28020,0.091,-0.009,0.014
28030,0.074,0.016,-0.005
28040,0.081,0.002,0.023
28050,0.067,0.013,0.005
28060,0.092,0.005,-0.009
28070,0.11,-0.009,0.02
28080,0.041,-0.015,0.016
28090,0.072,-0.018,0.006
28100,0.071,-0.003,-0.032
28110,0.078,0.015,0.001
28120,0.073,0.014,0.014
28130,0.098,-0.013,0.008
28140,0.098,0.01,0.008
28150,0.089,0.009,0.002
28160,0.102,-0.006,0.023
28170,0.066,0.014,-0.006
28180,0.083,0.005,0.029
28190,0.087,0,0.017
28200,0.098,-0.004,0.028
28210,0.089,-0.007,0.022
28220,0.035,-0.003,-0.002
28230,0.112,-0.012,0.019
28240,0.091,0.019,0.028
28250,0.049,-0.006,-0.032
28260,0.084,0.005,0.043
28270,0.09,-0.011,0.043
28280,0.055,-0.001,0.026
28290,0.074,0.005,0.024
28300,0.104,0.009,0.025
28310,0.099,-0.012,-0.019
28320,0.09,0.014,0.032
28330,0.1,-0.001,0.017
28340,0.097,0.003,-0.009
28350,0.092,0.016,0.028
28360,0.086,0.019,-0.014
28370,0.084,0.016,0.038
28380,0.061,-0.004,0.044
28390,0.057,-0.028,0.019
28400,0.096,-0.006,-0.021
28410,0.08,0,0.011
28420,0.048,0.018,0.049
28430,0.092,0.016,0.055
28440,0.075,-0.003,0.023
28450,0.059,0.014,0.018
28460,0.089,0.002,-0.002
28470,0.094,0.013,-0.002
28480,0.081,-0.011,-0.013
28490,0.062,0.02,-0.014
28500,0.087,0.038,-0.008
28510,0.089,0.009,0.031
28520,0.102,0.015,0.019
28530,0.126,0.013,0.004
28540,0.081,-0.013,0.024
28550,0.068,-0.034,0.01
28560,0.084,0.005,-0.002
28570,0.096,0.018,0.034
28580,0.06,-0.001,-0.005
28590,0.067,0.006,0.001
28600,0.084,-0.022,-0.009
28610,0.044,-0.007,0.025
28620,0.074,0,0.042
28630,0.084,0.02,0.034
28640,0.093,-0.012,0.013
28650,0.049,0.008,-0.002
28660,0.073,-0.004,0.017
28670,0.075,-0.001,0.016
28680,0.078,0.012,0.012
28690,0.09,-0.011,0.036
28700,0.079,-0.007,0.014
28710,0.053,0.001,0.012
28720,0.073,-0.025,-0.023
28730,0.081,0.002,0.049
28740,0.068,0.012,0.013
28750,0.067,0.006,-0.031
28760,0.08,-0.003,-0.042
28770,0.071,-0.013,0.023
28780,0.086,0.027,0.018
28790,0.078,0.005,0.035
28800,0.097,0,0.034
28810,0.093,0.022,0.018
28820,0.062,0.013,0.025
28830,0.087,-0.004,-0.005
28840,0.073,0.001,0.012
28850,0.042,0.012,0.029
28860,0.118,-0.004,-0.012
28870,0.099,0.005,0.049
28880,0.065,0.005,0.026
28890,0.089,0.02,0.028
28900,0.099,-0.009,0.023
28910,0.074,-0.007,-0.004
28920,0.086,-0.011,0.013
28930,0.068,0.003,0.022
28940,0.08,0.026,-0.026
28950,0.084,-0.024,-0.002
28960,0.102,-0.012,0.019
28970,0.086,-0.001,0.007
28980,0.074,-0.003,0.036
28990,0.093,0.008,-0.004
29000,0.077,0.003,0.024
29010,0.042,-0.007,0.011
29020,0.084,-0.001,0.025
29030,0.099,-0.017,0.03
29040,0.093,-0.016,0.03
29050,0.059,-0.023,-0.001
29060,0.103,0.008,0.016
29070,0.085,0.008,-0.012
29080,0.09,0,0.03
29090,0.069,-0.001,0.001
29100,0.092,0.005,0.019
29110,0.045,-0.029,0.031
29120,0.073,-0.015,-0.005
29130,0.1,-0.019,0.052
29140,0.072,-0.005,0.046
29150,0.066,-0.004,0.06
29160,0.093,0.007,-0.008
29170,0.09,0.014,-0.025
29180,0.079,0.007,0.007
29190,0.096,0.008,0.017
29200,0.045,-0.005,-0.007
29210,0.071,-0.021,0.038
29220,0.065,-0.003,0.036
29230,0.069,0,0.034
29240,0.072,-0.001,-0.007
29250,0.049,0.015,0.005
29260,0.077,0.037,0.053
29270,0.054,-0.003,0.036
29280,0.102,0.008,0.044
29290,0.083,0.012,0.032
29300,0.078,-0.023,0.026
29310,0.074,0.007,-0.033
29320,0.063,-0.016,-0.007
29330,0.097,-0.017,0.026
29340,0.055,-0.012,0.031
29350,0.073,-0.017,0.025
29360,0.121,-0.005,0.018
29370,0.074,0.001,-0.025
29380,0.072,-0.004,0.035
29390,0.109,0.021,0.031
29400,0.098,-0.011,0.001
29410,0.072,0.008,0.019
29420,0.063,0.007,-0.002
29430,0.068,-0.01,-0.015
29440,0.083,0.027,0.011
29450,0.091,0.008,0.026
29460,0.089,-0.009,0.008
29470,0.074,-0.003,0.052
29480,0.015,0.033,0.135
29490,0.106,0.007,0.03
29500,0.089,-0.037,-0.026
29510,0.096,-0.029,-0.011
29520,0.103,0.009,0.028
29530,0.078,0,0.076
29540,0.065,-0.006,0.006
29550,0.06,-0.003,0.005
29560,0.094,-0.019,-0.042
29570,0.073,0.016,0.012
29580,0.065,-0.001,0.03
29590,0.074,0.005,0.029
29600,0.1,-0.011,-0.005
29610,0.074,-0.029,0.046
29620,0.094,-0.019,0.02
29630,0.084,0.044,0.025
29640,0.083,-0.022,0.013
29650,0.071,-0.004,0.042
29660,0.089,0.015,0.032
29670,0.097,-0.012,0.02
29680,0.065,-0.003,0.008
29690,0.11,-0.006,0.014
29700,0.08,0.001,0.013
29710,0.083,-0.029,0.008
29720,0.085,-0.009,-0.004
29730,0.093,0.008,0.005
29740,0.114,0.013,0.007
29750,0.104,0.002,0.019
29760,0.077,0.013,-0.021
29770,0.065,0.012,0.07
29780,0.053,0.006,0.014
29790,0.112,-0.024,-0.014
29800,0.098,-0.007,0.001
29810,0.069,0.026,-0.024
29820,0.071,0.005,0.036
29830,0.091,-0.01,0.043
29840,0.06,-0.007,0.034
29850,0.089,0.012,0.018
29860,0.09,0.016,0.007
29870,0.094,-0.001,-0.013
29880,0.066,-0.029,0.007
29890,0.092,0.003,0.04
29900,0.084,0.003,0.053
29910,0.045,0.01,0.008
29920,0.081,0.016,-0.007
29930,0.087,0.025,-0.002
29940,0.06,0.008,0.023
29950,0.068,0.008,0.005
29960,0.081,-0.011,0.05
29970,0.057,0.013,0.032
29980,0.072,0.009,0.035
29990,0.126,-0.019,0.002
30000,0.08,0.013,-0.023
